Name,Bib,Team,Nationality,TeamCode,TimeBack1,Position1,SecBack1,TimeBack2,Position2,SecBack2,TimeBack3,Position3,SecBack3,TimeBack4,Position4,SecBack4,TimeBack5,Position5,SecBack5,TimeBack6,Position6,SecBack6,TimeBack7,Position7,SecBack7,TimeBack8,Position8,SecBack8,TimeBack9,Position9,SecBack9,TimeBack10,Position10,SecBack10,TimeBack11,Position11,SecBack11,TimeBack12,Position12,SecBack12,TimeBack13,Position13,SecBack13,TimeBack14,Position14,SecBack14,TimeBack15,Position15,SecBack15,TimeBack16,Position16,SecBack16,TimeBack17,Position17,SecBack17,TimeBack18,Position18,SecBack18,TimeBack19,Position19,SecBack19,TimeBack20,Position20,SecBack20,TimeBack21,Position21,SecBack21
BAGOT Yoann,132,COFIDIS,France,6,+ 00' 00'',121,0,+ 12' 44'',128,764,Abandoned,198,-600,Abandoned,198,-600,Abandoned,198,-600,Abandoned,198,-600,Abandoned,198,-600,Abandoned,198,-600,Abandoned,198,-600,Abandoned,198,-600,Abandoned,198,-600,Abandoned,198,-600,Abandoned,198,-600,Abandoned,198,-600,Abandoned,198,-600,Abandoned,198,-600,Abandoned,198,-600,Abandoned,198,-600,Abandoned,198,-600,Abandoned,198,-600,Abandoned,198,-600
KASHECHKIN Andrey,66,ASTANA PRO TEAM,Kazakhstan,2,+ 00' 00'',16,0,+ 00' 01'',31,1,Abandoned,197,-600,Abandoned,197,-600,Abandoned,197,-600,Abandoned,197,-600,Abandoned,197,-600,Abandoned,197,-600,Abandoned,197,-600,Abandoned,197,-600,Abandoned,197,-600,Abandoned,197,-600,Abandoned,197,-600,Abandoned,197,-600,Abandoned,197,-600,Abandoned,197,-600,Abandoned,197,-600,Abandoned,197,-600,Abandoned,197,-600,Abandoned,197,-600,Abandoned,197,-600
KING Edward,14,CANNONDALE,USA,5,+ 00' 00'',198,0,+ 17' 35'',194,1055,+ 26' 50'',189,1610,Time Cut,196,-600,Time Cut,196,-600,Time Cut,196,-600,Time Cut,196,-600,Time Cut,196,-600,Time Cut,196,-600,Time Cut,196,-600,Time Cut,196,-600,Time Cut,196,-600,Time Cut,196,-600,Time Cut,196,-600,Time Cut,196,-600,Time Cut,196,-600,Time Cut,196,-600,Time Cut,196,-600,Time Cut,196,-600,Time Cut,196,-600,Time Cut,196,-600
BOUHANNI Nacer,73,FDJ.FR,France,8,+ 00' 00'',88,0,+ 17' 35'',168,1055,+ 34' 19'',196,2059,+ 35' 00'',194,2100,+ 35' 00'',173,2100,Abandoned,195,-600,Abandoned,195,-600,Abandoned,195,-600,Abandoned,195,-600,Abandoned,195,-600,Abandoned,195,-600,Abandoned,195,-600,Abandoned,195,-600,Abandoned,195,-600,Abandoned,195,-600,Abandoned,195,-600,Abandoned,195,-600,Abandoned,195,-600,Abandoned,195,-600,Abandoned,195,-600,Abandoned,195,-600
BOUET Maxime,83,AG2R LA MONDIALE,France,1,+ 00' 00'',113,0,+ 00' 01'',62,1,+ 00' 01'',34,1,+ 01' 04'',57,64,+ 01' 04'',54,64,Abandoned,194,-600,Abandoned,194,-600,Abandoned,194,-600,Abandoned,194,-600,Abandoned,194,-600,Abandoned,194,-600,Abandoned,194,-600,Abandoned,194,-600,Abandoned,194,-600,Abandoned,194,-600,Abandoned,194,-600,Abandoned,194,-600,Abandoned,194,-600,Abandoned,194,-600,Abandoned,194,-600,Abandoned,194,-600
KESSIAKOFF Fredrik,67,ASTANA PRO TEAM,Sweden,2,+ 00' 00'',135,0,+ 00' 01'',79,1,+ 00' 01'',51,1,+ 00' 56'',53,56,+ 00' 56'',49,56,Abandoned,193,-600,Abandoned,193,-600,Abandoned,193,-600,Abandoned,193,-600,Abandoned,193,-600,Abandoned,193,-600,Abandoned,193,-600,Abandoned,193,-600,Abandoned,193,-600,Abandoned,193,-600,Abandoned,193,-600,Abandoned,193,-600,Abandoned,193,-600,Abandoned,193,-600,Abandoned,193,-600,Abandoned,193,-600
VAN DEN BROECK Jurgen,21,LOTTO-BELISOL,Belgium,12,+ 00' 00'',31,0,+ 00' 01'',13,1,+ 00' 01'',12,1,+ 00' 17'',14,17,+ 00' 17'',13,17,Abandoned,192,-600,Abandoned,192,-600,Abandoned,192,-600,Abandoned,192,-600,Abandoned,192,-600,Abandoned,192,-600,Abandoned,192,-600,Abandoned,192,-600,Abandoned,192,-600,Abandoned,192,-600,Abandoned,192,-600,Abandoned,192,-600,Abandoned,192,-600,Abandoned,192,-600,Abandoned,192,-600,Abandoned,192,-600
MALORI Adriano,146,LAMPRE - MERIDA,Italy,11,+ 00' 00'',149,0,+ 17' 35'',185,1055,+ 26' 50'',186,1610,+ 27' 14'',166,1634,+ 37' 22'',180,2242,+ 42' 40'',184,2560,Abandoned,191,-600,Abandoned,191,-600,Abandoned,191,-600,Abandoned,191,-600,Abandoned,191,-600,Abandoned,191,-600,Abandoned,191,-600,Abandoned,191,-600,Abandoned,191,-600,Abandoned,191,-600,Abandoned,191,-600,Abandoned,191,-600,Abandoned,191,-600,Abandoned,191,-600,Abandoned,191,-600
VANDE VELDE Christian,179,GARMIN - SHARP,USA,9,+ 00' 00'',38,0,+ 00' 01'',36,1,+ 00' 01'',30,1,+ 00' 17'',17,17,+ 10' 25'',96,625,+ 15' 43'',105,943,Abandoned,190,-600,Abandoned,190,-600,Abandoned,190,-600,Abandoned,190,-600,Abandoned,190,-600,Abandoned,190,-600,Abandoned,190,-600,Abandoned,190,-600,Abandoned,190,-600,Abandoned,190,-600,Abandoned,190,-600,Abandoned,190,-600,Abandoned,190,-600,Abandoned,190,-600,Abandoned,190,-600
BRAJKOVIC Janez,61,ASTANA PRO TEAM,Slovenia,2,+ 00' 00'',185,0,+ 00' 01'',89,1,+ 00' 01'',64,1,+ 00' 56'',54,56,+ 00' 56'',50,56,+ 11' 44'',90,704,Abandoned,189,-600,Abandoned,189,-600,Abandoned,189,-600,Abandoned,189,-600,Abandoned,189,-600,Abandoned,189,-600,Abandoned,189,-600,Abandoned,189,-600,Abandoned,189,-600,Abandoned,189,-600,Abandoned,189,-600,Abandoned,189,-600,Abandoned,189,-600,Abandoned,189,-600,Abandoned,189,-600
BONO Matteo,142,LAMPRE - MERIDA,Italy,11,+ 00' 00'',184,0,+ 05' 39'',112,339,+ 14' 54'',119,894,+ 16' 09'',119,969,+ 16' 09'',117,969,+ 17' 11'',108,1031,+ 32' 04'',122,1924,Abandoned,188,-600,Abandoned,188,-600,Abandoned,188,-600,Abandoned,188,-600,Abandoned,188,-600,Abandoned,188,-600,Abandoned,188,-600,Abandoned,188,-600,Abandoned,188,-600,Abandoned,188,-600,Abandoned,188,-600,Abandoned,188,-600,Abandoned,188,-600,Abandoned,188,-600
NOVAL GONZALEZ Benjamin,95,TEAM SAXO-TINKOFF,Spain,21,+ 00' 00'',95,0,+ 17' 35'',164,1055,+ 26' 01'',155,1561,+ 30' 31'',193,1831,+ 40' 39'',194,2439,+ 44' 37'',188,2677,+ 59' 30'',185,3570,+ 01h 28' 34'',182,5314,Abandoned,187,-600,Abandoned,187,-600,Abandoned,187,-600,Abandoned,187,-600,Abandoned,187,-600,Abandoned,187,-600,Abandoned,187,-600,Abandoned,187,-600,Abandoned,187,-600,Abandoned,187,-600,Abandoned,187,-600,Abandoned,187,-600,Abandoned,187,-600
DENNIS Rohan,174,GARMIN - SHARP,Australia,9,+ 00' 00'',165,0,+ 09' 06'',118,546,+ 17' 32'',121,1052,+ 19' 44'',131,1184,+ 29' 52'',165,1792,+ 35' 10'',164,2110,+ 38' 57'',135,2337,+ 01h 17' 34'',160,4654,Abandoned,186,-600,Abandoned,186,-600,Abandoned,186,-600,Abandoned,186,-600,Abandoned,186,-600,Abandoned,186,-600,Abandoned,186,-600,Abandoned,186,-600,Abandoned,186,-600,Abandoned,186,-600,Abandoned,186,-600,Abandoned,186,-600,Abandoned,186,-600
GUTIERREZ José Ivan,126,MOVISTAR TEAM,Spain,13,+ 00' 00'',17,0,+ 12' 44'',121,764,+ 21' 10'',133,1270,+ 21' 29'',134,1289,+ 21' 29'',129,1289,+ 21' 34'',122,1294,+ 36' 27'',130,2187,+ 01h 05' 41'',133,3941,Abandoned,185,-600,Abandoned,185,-600,Abandoned,185,-600,Abandoned,185,-600,Abandoned,185,-600,Abandoned,185,-600,Abandoned,185,-600,Abandoned,185,-600,Abandoned,185,-600,Abandoned,185,-600,Abandoned,185,-600,Abandoned,185,-600,Abandoned,185,-600
SCHÄR Michael,38,BMC RACING TEAM,Switzerland,4,+ 00' 00'',28,0,+ 04' 07'',95,247,+ 04' 07'',82,247,+ 05' 51'',85,351,+ 05' 51'',81,351,+ 05' 56'',73,356,+ 20' 49'',101,1249,+ 51' 56'',112,3116,Abandoned,184,-600,Abandoned,184,-600,Abandoned,184,-600,Abandoned,184,-600,Abandoned,184,-600,Abandoned,184,-600,Abandoned,184,-600,Abandoned,184,-600,Abandoned,184,-600,Abandoned,184,-600,Abandoned,184,-600,Abandoned,184,-600,Abandoned,184,-600
KIRYIENKA Vasili,4,SKY PROCYCLING,Belarus,17,+ 00' 00'',63,0,+ 05' 39'',103,339,+ 14' 05'',112,845,+ 14' 07'',110,847,+ 14' 07'',109,847,+ 14' 12'',96,852,+ 29' 05'',118,1745,+ 44' 32'',95,2672,Time Cut,183,-600,Time Cut,183,-600,Time Cut,183,-600,Time Cut,183,-600,Time Cut,183,-600,Time Cut,183,-600,Time Cut,183,-600,Time Cut,183,-600,Time Cut,183,-600,Time Cut,183,-600,Time Cut,183,-600,Time Cut,183,-600,Time Cut,183,-600
BOASSON HAGEN Edvald,2,SKY PROCYCLING,Norway,17,+ 00' 00'',24,0,+ 00' 01'',5,1,+ 00' 01'',5,1,+ 00' 03'',6,3,+ 00' 03'',6,3,+ 00' 03'',2,3,+ 00' 03'',2,3,+ 28' 57'',65,1737,+ 54' 57'',83,3297,+ 54' 57'',78,3297,+ 58' 12'',78,3492, + 58' 12'',74,3492,Abandoned,182,-600,Abandoned,182,-600,Abandoned,182,-600,Abandoned,182,-600,Abandoned,182,-600,Abandoned,182,-600,Abandoned,182,-600,Abandoned,182,-600,Abandoned,182,-600
PINOT Thibaut,71,FDJ.FR,France,8,+ 00' 00'',57,0,+ 00' 01'',39,1,+ 00' 01'',42,1,+ 00' 42'',49,42,+ 00' 42'',45,42,+ 00' 47'',42,47,+ 00' 47'',41,47,+ 06' 39'',29,399,+ 31' 31'',47,1891,+ 33' 11'',49,1991,+ 36' 27'',48,2187, + 36' 27'',48,2187, + 45' 29'',52,2729, + 45' 29'',52,2729, + 01h 05' 25'',52,3925,Abandoned,181,-600,Abandoned,181,-600,Abandoned,181,-600,Abandoned,181,-600,Abandoned,181,-600,Abandoned,181,-600
VAN POPPEL Danny,208,VACANSOLEIL-DCM,Netherlands,22,+ 00' 00'',3,0,+ 17' 35'',143,1055,+ 26' 50'',176,1610,+ 28' 05'',184,1685,+ 28' 05'',160,1685,+ 28' 05'',147,1685,+ 42' 58'',150,2578,+ 01h 14' 05'',152,4445,+ 01h 40' 05'',152,6005,+ 01h 40' 05'',152,6005,+ 01h 44' 01'',147,6241, + 01h 44' 01'',146,6241, + 01h 53' 03'',153,6783, + 01h 53' 03'',150,6783, + 02h 20' 39'',145,8439,Abandoned,180,-600,Abandoned,180,-600,Abandoned,180,-600,Abandoned,180,-600,Abandoned,180,-600,Abandoned,180,-600
PÉRAUD Jean-Christophe,81,AG2R LA MONDIALE,France,1,+ 00' 00'',22,0,+ 00' 01'',15,1,+ 00' 01'',14,1,+ 01' 04'',56,64,+ 01' 04'',52,64,+ 01' 09'',46,69,+ 01' 09'',44,69,+ 03' 29'',18,209,+ 03' 29'',14,209,+ 03' 29'',14,209,+ 05' 39'',10,339, + 05' 39'',10,339, + 05' 39'',9,339, + 05' 39'',9,339, + 07' 47'',9,467, + 08' 47'',9,527,Abandoned,179,-600,Abandoned,179,-600,Abandoned,179,-600,Abandoned,179,-600,Abandoned,179,-600
IZAGUIRRE INSAUSTI Gorka,113,EUSKALTEL - EUSKADI,Spain,7,+ 00' 00'',65,0,+ 00' 01'',41,1,+ 00' 01'',22,1,+ 01' 24'',69,84,+ 01' 24'',64,84,+ 01' 29'',60,89,+ 16' 22'',88,982,+ 45' 26'',98,2726,+ 01h 11' 26'',104,4286,+ 01h 13' 06'',104,4386,+ 01h 18' 17'',108,4697, + 01h 18' 17'',106,4697, + 01h 27' 02'',108,5222, + 01h 27' 02'',109,5222, + 01h 59' 38'',117,7178, + 02h 03' 40'',118,7420,Abandoned,178,-600,Abandoned,178,-600,Abandoned,178,-600,Abandoned,178,-600,Abandoned,178,-600
BONNET William,72,FDJ.FR,France,8,+ 00' 00'',109,0,+ 17' 35'',175,1055,+ 26' 01'',159,1561,+ 27' 19'',168,1639,+ 37' 27'',181,2247,+ 37' 32'',171,2252,+ 52' 25'',170,3145,+ 01h 22' 32'',171,4952,+ 01h 48' 32'',168,6512,+ 01h 48' 32'',167,6512,+ 01h 53' 44'',168,6824, + 01h 53' 44'',165,6824, + 01h 53' 44'',154,6824, + 01h 53' 44'',152,6824, + 02h 26' 20'',156,8780, + 02h 36' 58'',156,9418, + 02h 47' 37'',162,10057,Abandoned,177,-600,Abandoned,177,-600,Abandoned,177,-600,Abandoned,177,-600
VEELERS Tom,199,TEAM ARGOS-SHIMANO,Netherlands,19,+ 00' 00'',49,0,+ 17' 35'',149,1055,+ 34' 19'',195,2059,+ 36' 05'',195,2165,+ 46' 13'',195,2773,+ 46' 18'',191,2778,+ 01h 01' 11'',188,3671,+ 01h 32' 18'',187,5538,+ 01h 58' 18'',182,7098,+ 01h 58' 18'',179,7098,+ 02h 04' 10'',181,7450, + 02h 04' 10'',179,7450, + 02h 08' 30'',175,7710, + 02h 11' 35'',176,7895, + 02h 44' 11'',176,9851, + 02h 54' 49'',174,10489, + 03h 05' 16'',175,11116, + 03h 34' 56'',175,12896,Abandoned,177,-600,Abandoned,177,-600,Abandoned,177,-600
LUTSENKO Alexey,68,ASTANA PRO TEAM,Kazakhstan,2,+ 00' 00'',186,0,+ 12' 44'',139,764,+ 21' 59'',146,1319,+ 22' 54'',142,1374,+ 22' 54'',135,1374,+ 33' 42'',160,2022,+ 48' 35'',160,2915,+ 01h 17' 39'',161,4659,+ 01h 25' 16'',126,5116,+ 01h 28' 26'',128,5306,+ 01h 31' 11'',128,5471, + 01h 31' 11'',127,5471, + 01h 40' 13'',126,6013, + 01h 40' 13'',127,6013, + 02h 12' 49'',132,7969, + 02h 23' 27'',135,8607, + 02h 32' 59'',140,9179,Abandoned,176,-600,Abandoned,176,-600,Abandoned,176,-600,Abandoned,176,-600
BAUER Jack,172,GARMIN - SHARP,New Zealand,9,+ 00' 00'',141,0,+ 17' 35'',181,1055,+ 26' 01'',164,1561,+ 27' 49'',181,1669,+ 37' 57'',185,2277,+ 38' 02'',172,2282,+ 52' 55'',171,3175,+ 01h 21' 59'',166,4919,+ 01h 48' 19'',167,6499,+ 01h 48' 29'',166,6509,+ 01h 51' 34'',164,6694, + 01h 51' 34'',161,6694, + 01h 51' 34'',146,6694, + 01h 51' 34'',146,6694, + 02h 23' 00'',149,8580, + 02h 32' 49'',149,9169, + 02h 37' 56'',146,9476, + 02h 59' 28'',142,10768,Abandoned,175,-600,Abandoned,175,-600,Abandoned,175,-600
SIEBERG Marcel,28,LOTTO-BELISOL,Germany,12,+ 00' 00'',43,0,+ 17' 35'',150,1055,+ 26' 50'',180,1610,+ 28' 00'',183,1680,+ 28' 00'',159,1680,+ 28' 05'',148,1685,+ 42' 58'',151,2578,+ 01h 14' 05'',153,4445,+ 01h 40' 05'',153,6005,+ 01h 40' 15'',154,6015,+ 01h 45' 23'',153,6323, + 01h 45' 23'',153,6323, + 01h 45' 23'',133,6323, + 01h 45' 23'',135,6323, + 02h 12' 59'',133,7979, + 02h 23' 37'',136,8617, + 02h 30' 34'',133,9034, + 02h 56' 59'',133,10619,Abandoned,174,-600,Abandoned,174,-600,Abandoned,174,-600
BOECKMANS Kris,202,VACANSOLEIL-DCM,Belgium,22,+ 00' 00'',10,0,+ 17' 35'',145,1055,+ 26' 50'',181,1610,+ 27' 22'',171,1642,+ 37' 30'',182,2250,+ 42' 48'',185,2568,+ 57' 41'',182,3461,+ 01h 28' 48'',183,5328,+ 01h 54' 48'',179,6888,+ 01h 58' 17'',178,7097,+ 02h 03' 42'',180,7422, + 02h 03' 42'',178,7422, + 02h 12' 27'',177,7947, + 02h 15' 32'',179,8132, + 02h 44' 00'',175,9840, + 02h 55' 13'',176,10513, + 03h 01' 29'',173,10889, + 03h 27' 54'',171,12474,Abandoned,176,-600,Abandoned,176,-600,Abandoned,173,-600
WESTRA Lieuwe,209,VACANSOLEIL-DCM,Netherlands,22,+ 00' 00'',97,0,+ 17' 35'',161,1055,+ 26' 01'',154,1561,+ 26' 33'',156,1593,+ 36' 41'',177,2201,+ 42' 19'',182,2539,+ 57' 12'',180,3432,+ 01h 26' 06'',178,5166,+ 01h 52' 06'',177,6726,+ 01h 58' 29'',180,7109,+ 02h 00' 54'',176,7254, + 02h 00' 54'',175,7254, + 02h 09' 52'',176,7792, + 02h 09' 52'',175,7792, + 02h 29' 12'',163,8952, + 02h 33' 45'',150,9225, + 02h 36' 14'',143,9374, + 02h 57' 46'',137,10666, + 03h 24' 30'',144,12270, + 03h 49' 05'',146,13745,Abandoned,173,-600
LE MEVEL Christophe,135,COFIDIS,France,6,+ 00' 00'',197,0,+ 00' 01'',88,1,+ 00' 01'',70,1,+ 01' 20'',66,80,+ 01' 20'',62,80,+ 01' 25'',58,85,+ 16' 18'',87,978,+ 39' 22'',87,2362,+ 50' 40'',72,3040,+ 50' 40'',70,3040,+ 55' 31'',73,3331, + 55' 31'',72,3331, + 01h 04' 16'',76,3856, + 01h 04' 16'',77,3856, + 01h 31' 52'',81,5512, + 01h 42' 30'',87,6150, + 01h 49' 05'',87,6545, + 02h 15' 30'',95,8130,Abandoned,173,-600,Abandoned,173,-600,Abandoned,173,-600
TUFT Svein,189,ORICA GREENEDGE,Canada,15,+ 00' 00'',167,0,+ 17' 35'',182,1055,+ 26' 01'',170,1561,+ 26' 00'',152,1560,+ 33' 23'',169,2003,+ 40' 33'',179,2433,+ 55' 26'',178,3326,+ 01h 26' 33'',179,5193,+ 01h 51' 25'',173,6685,+ 02h 00' 07'',181,7207,+ 02h 01' 30'',178,7290, + 02h 05' 31'',181,7531, + 02h 14' 16'',180,8056, + 02h 14' 16'',178,8056, + 02h 46' 52'',181,10012, + 02h 57' 30'',179,10650, + 03h 05' 31'',176,11131, + 03h 31' 56'',173,12716, + 03h 58' 40'',170,14320, + 04h 24' 39'',170,15879, + 04h 27' 55'',169,16075
BAZAYEV Assan,62,ASTANA PRO TEAM,Kazakhstan,2,+ 00' 00'',146,0,+ 17' 35'',186,1055,+ 26' 50'',190,1610,+ 28' 58'',191,1738,+ 39' 06'',192,2346,+ 44' 52'',189,2692,+ 59' 45'',186,3585,+ 01h 28' 49'',184,5329,+ 01h 54' 49'',180,6889,+ 01h 56' 29'',176,6989,+ 02h 03' 38'',179,7418, + 02h 03' 38'',177,7418, + 02h 12' 34'',178,7954, + 02h 12' 34'',177,7954, + 02h 45' 10'',179,9910, + 02h 55' 48'',177,10548, + 03h 03' 34'',174,11014, + 03h 29' 59'',172,12599, + 03h 56' 43'',169,14203, + 04h 23' 24'',169,15804, + 04h 24' 52'',168,15892
MURAVYEV Dmitriy,69,ASTANA PRO TEAM,Kazakhstan,2,+ 00' 00'',171,0,+ 17' 35'',196,1055,+ 26' 50'',193,1610,+ 27' 57'',182,1677,+ 38' 05'',186,2285,+ 45' 41'',190,2741,+ 01h 00' 34'',187,3634,+ 01h 31' 41'',186,5501,+ 01h 57' 41'',181,7061,+ 02h 01' 13'',182,7273,+ 02h 06' 24',182,7584, + 02h 09' 24'',182,7764, + 02h 18' 26'',181,8306, + 02h 18' 26'',181,8306, + 02h 46' 02'',180,9962, + 02h 56' 40'',178,10600, + 03h 05' 43'',177,11143, + 03h 32' 08'',174,12728, + 03h 53' 55'',168,14035, + 04h 18' 30'',168,15510, + 04h 21' 46'',167,15706
KITTEL Marcel,197,TEAM ARGOS-SHIMANO,Germany,19,0,1,0,+ 17' 35'',142,1055,+ 26' 50'',178,1610,+ 28' 36'',187,1716,+ 38' 44'',188,2324,+ 38' 44'',174,2324,+ 53' 37'',173,3217,+ 01h 24' 44'',174,5084,+ 01h 49' 36'',171,6576,+ 01h 49' 36'',169,6576,+ 01h 55' 24'',170,6924, + 01h 55' 24'',170,6924, + 02h 04' 22'',169,7462, + 02h 04' 22'',169,7462, + 02h 36' 58'',174,9418, + 02h 47' 36'',172,10056, + 02h 51' 53'',169,10313, + 03h 18' 18'',167,11898, + 03h 45' 02'',166,13502, + 04h 11' 01'',167,15061, + 04h 10' 08'',166,15008
LOBATO DEL VALLE Juan José,115,EUSKALTEL - EUSKADI,Spain,7,+ 00' 00'',134,0,+ 17' 35'',172,1055,+ 26' 01'',160,1561,+ 28' 14'',186,1694,+ 28' 14'',162,1694,+ 28' 14'',149,1694,+ 43' 07'',152,2587,+ 01h 14' 14'',154,4454,+ 01h 40' 14'',155,6014,+ 01h 40' 14'',153,6014,+ 01h 46' 15'',155,6375, + 01h 46' 15'',155,6375, + 01h 55' 17'',160,6917, + 01h 55' 17'',158,6917, + 02h 28' 07'',160,8887, + 02h 38' 45'',160,9525, + 02h 47' 10'',161,10030, + 03h 15' 34'',164,11734, + 03h 42' 18'',164,13338, + 04h 08' 48'',166,14928, + 04h 07' 59'',165,14879
TIMMER Albert,198,TEAM ARGOS-SHIMANO,Netherlands,19,+ 00' 00'',144,0,+ 17' 35'',170,1055,+ 26' 50'',185,1610,+ 28' 36'',189,1716,+ 38' 44'',190,2324,+ 39' 47'',178,2387,+ 54' 40'',177,3280,+ 01h 23' 44'',172,5024,+ 01h 48' 36'',169,6516,+ 01h 50' 42'',170,6642,+ 01h 54' 07'',169,6847, + 01h 54' 07'',166,6847, + 02h 06' 34'',172,7594, + 02h 06' 34'',171,7594, + 02h 35' 13'',172,9313, + 02h 45' 51'',170,9951, + 02h 51' 15'',167,10275, + 03h 14' 15'',161,11655, + 03h 40' 59'',162,13259, + 04h 06' 58'',165,14818, + 04h 07' 19'',164,14839
WILLEMS Frederik,29,LOTTO-BELISOL,Belgium,12,+ 00' 00'',163,0,+ 17' 35'',187,1055,+ 26' 01'',171,1561,+ 27' 44'',178,1664,+ 37' 52'',184,2272,+ 38' 43'',173,2323,+ 53' 36'',172,3216,+ 01h 24' 43'',173,5083,+ 01h 49' 35'',170,6575,+ 01h 52' 39'',173,6759,+ 01h 58' 29'',175,7109, + 02h 02' 13'',176,7333, + 02h 04' 36'',170,7476, + 02h 08' 30'',174,7710, + 02h 36' 06'',173,9366, + 02h 46' 44'',171,10004, + 02h 54' 09'',170,10449, + 03h 20' 34'',168,12034, + 03h 47' 18'',167,13638, + 04h 05' 15'',164,14715, + 04h 05' 18'',163,14718
HENDERSON Gregory,26,LOTTO-BELISOL,New Zealand,12,+ 00' 00'',7,0,+ 17' 35'',140,1055,+ 26' 50'',175,1610,+ 27' 30'',173,1650,+ 27' 30'',154,1650,+ 27' 30'',141,1650,+ 42' 23'',144,2543,+ 01h 13' 30'',149,4410,+ 01h 39' 30'',150,5970,+ 01h 39' 30'',150,5970,+ 01h 44' 18'',150,6258, + 01h 44' 18'',150,6258, + 01h 56' 45'',162,7005, + 01h 56' 45'',160,7005, + 02h 29' 21'',164,8961, + 02h 39' 10'',161,9550, + 02h 46' 01'',159,9961, + 03h 12' 26'',159,11546, + 03h 39' 10'',159,13150, + 04h 05' 09'',163,14709, + 04h 04' 26'',162,14666
O'GRADY Stuart,188,ORICA GREENEDGE,Australia,15,+ 00' 00'',124,0,+ 17' 35'',167,1055,+ 26' 01'',158,1561,+ 27' 06'',164,1626,+ 37' 14'',178,2234,+ 39' 31'',177,2371,+ 54' 24'',176,3264,+ 01h 25' 31'',176,5131,+ 01h 50' 23'',172,6623,+ 01h 52' 13'',172,6733,+ 01h 56' 49'',173,7009, + 01h 59' 20'',174,7160, + 02h 08' 05'',174,7685, + 02h 08' 05'',173,7685, + 02h 31' 12'',167,9072, + 02h 41' 01'',164,9661, + 02h 44' 52'',157,9892, + 03h 11' 17'',157,11477, + 03h 38' 11'',158,13091, + 04h 04' 10'',162,14650, + 04h 03' 27'',161,14607
ROELANDTS Jurgen,27,LOTTO-BELISOL,Belgium,12,+ 00' 00'',8,0,+ 17' 35'',148,1055,+ 26' 50'',177,1610,+ 27' 06'',163,1626,+ 34' 49'',171,2089,+ 34' 54'',162,2094,+ 49' 47'',162,2987,+ 01h 20' 54'',163,4854,+ 01h 46' 54'',163,6414,+ 01h 46' 54'',163,6414,+ 01h 51' 58'',166,6718, + 01h 51' 58'',163,6718, + 02h 00' 43'',167,7243, + 02h 00' 43'',166,7243, + 02h 33' 19'',169,9199, + 02h 43' 08'',167,9788, + 02h 49' 18'',165,10158, + 03h 15' 43'',165,11743, + 03h 36' 44'',156,13004, + 04h 01' 19'',158,14479, + 04h 03' 18'',160,14598
PINEAU Jérôme,155,OMEGA PHARMA-QUICK STEP,France,14,+ 00' 00'',172,0,+ 17' 35'',190,1055,+ 26' 50'',191,1610,+ 26' 50'',160,1610,+ 26' 50'',148,1610,+ 30' 48'',155,1848,+ 45' 41'',157,2741,+ 01h 16' 48'',157,4608,+ 01h 42' 48'',158,6168,+ 01h 45' 44'',160,6344,+ 01h 51' 04'',161,6664, + 01h 54' 48'',168,6888, + 01h 54' 48'',157,6888, + 01h 54' 48'',155,6888, + 02h 27' 24'',158,8844, + 02h 38' 02'',159,9482, + 02h 43' 20'',155,9800, + 03h 09' 45'',155,11385, + 03h 36' 29'',155,12989, + 04h 02' 28'',159,14548, + 04h 03' 11'',159,14591
GENE Yohann,55,TEAM EUROPCAR,France,20,+ 00' 00'',102,0,+ 17' 35'',173,1055,+ 26' 01'',161,1561,+ 27' 13'',165,1633,+ 37' 21'',179,2241,+ 42' 39'',183,2559,+ 57' 32'',181,3452,+ 01h 26' 36'',180,5196,+ 01h 51' 28'',175,6688,+ 01h 51' 28'',171,6688,+ 01h 56' 15'',171,6975, + 01h 56' 15'',171,6975, + 02h 05' 25'',171,7525, + 02h 05' 25'',170,7525, + 02h 33' 41'',170,9221, + 02h 44' 19'',168,9859, + 02h 50' 10'',166,10210, + 03h 12' 40'',160,11560, + 03h 39' 24'',160,13164, + 04h 03' 59'',161,14639, + 04h 03' 06'',158,14586
FERRARI Roberto,145,LAMPRE - MERIDA,Italy,11,+ 00' 00'',169,0,+ 17' 35'',189,1055,+ 26' 50'',192,1610,+ 27' 15'',167,1635,+ 27' 15'',150,1635,+ 27' 15'',139,1635,+ 42' 08'',143,2528,+ 01h 13' 37'',150,4417,+ 01h 39' 37'',151,5977,+ 01h 39' 37'',151,5977,+ 01h 44' 59'',152,6299, + 01h 44' 59'',152,6299, + 01h 53' 57'',155,6837, + 01h 53' 57'',153,6837, + 02h 26' 33'',157,8793, + 02h 37' 11'',157,9431, + 02h 43' 01'',154,9781, + 03h 09' 49'',156,11389, + 03h 36' 53'',157,13013, + 04h 03' 02'',160,14582, + 04h 02' 09'',157,14529
COUSIN Jérome,53,TEAM EUROPCAR,France,20,+ 00' 00'',182,0,+ 17' 35'',197,1055,+ 26' 01'',172,1561,+ 28' 45'',190,1725,+ 38' 53'',191,2333,+ 44' 11'',187,2651,+ 59' 04'',184,3544,+ 01h 28' 08'',181,5288,+ 01h 54' 08'',178,6848,+ 01h 57' 04'',177,7024,+ 02h 01' 20'',177,7280, + 02h 05' 04'',180,7504, + 02h 14' 14'',179,8054, + 02h 17' 19'',180,8239, + 02h 44' 55'',178,9895, + 02h 54' 44'',173,10484, + 03h 00' 46'',172,10846, + 03h 22' 18'',169,12138, + 03h 40' 57'',161,13257, + 04h 00' 45'',156,14445, + 04h 01' 10'',156,14470
VANDBORG Brian,19,CANNONDALE,Denmark,5,+ 00' 00'',155,0,+ 12' 44'',131,764,+ 21' 59'',144,1319,+ 22' 32'',140,1352,+ 22' 32'',133,1352,+ 27' 50'',144,1670,+ 42' 43'',147,2563,+ 01h 13' 50'',151,4430,+ 01h 40' 10'',154,6010,+ 01h 41' 50'',155,6110,+ 01h 45' 45'',154,6345, + 01h 45' 45'',154,6345, + 01h 58' 12'',165,7092, + 01h 58' 12'',163,7092, + 02h 30' 48'',165,9048, + 02h 41' 26'',165,9686, + 02h 47' 56'',163,10076, + 03h 14' 21'',162,11661, + 03h 41' 05'',163,13265, + 04h 00' 40'',155,14440, + 04h 00' 21'',155,14421
LANCASTER Brett Daniel,186,ORICA GREENEDGE,Australia,15,+ 00' 00'',66,0,+ 17' 35'',158,1055,+ 23' 48'',149,1428,+ 24' 48'',149,1488,+ 34' 56'',172,2096,+ 35' 01'',163,2101,+ 49' 54'',163,2994,+ 01h 21' 01'',164,4861,+ 01h 45' 53'',162,6353,+ 01h 45' 53'',161,6353,+ 01h 49' 34'',159,6574, + 01h 53' 18'',164,6798, + 02h 02' 16'',168,7336, + 02h 02' 16'',168,7336, + 02h 34' 52'',171,9292, + 02h 45' 30'',169,9930, + 02h 51' 23'',168,10283, + 03h 17' 48'',166,11868, + 03h 36' 27'',154,12987, + 04h 01' 02'',157,14462, + 04h 00' 19'',154,14419
STEEGMANS Gert,156,OMEGA PHARMA-QUICK STEP,Belgium,14,+ 00' 00'',191,0,+ 17' 35'',193,1055,+ 26' 50'',188,1610,+ 27' 02'',161,1622,+ 27' 02'',149,1622,+ 27' 07'',138,1627,+ 42' 00'',142,2520,+ 01h 11' 04'',142,4264,+ 01h 37' 04'',144,5824,+ 01h 37' 04'',142,5824,+ 01h 41' 56'',143,6116, + 01h 41' 56'',140,6116, + 01h 50' 54'',144,6654, + 01h 50' 54'',145,6654, + 02h 23' 30'',151,8610, + 02h 34' 08'',152,9248, + 02h 40' 49'',149,9649, + 03h 07' 14'',153,11234, + 03h 33' 58'',153,12838, + 03h 59' 57'',154,14397, + 03h 59' 14'',153,14354
GOSS Matthew Harley,184,ORICA GREENEDGE,Australia,15,+ 00' 00'',166,0,+ 17' 35'',176,1055,+ 26' 01'',167,1561,+ 26' 00'',151,1560,+ 36' 08'',175,2168,+ 36' 08'',166,2168,+ 51' 01'',165,3061,+ 01h 22' 08'',167,4928,+ 01h 47' 00'',164,6420,+ 01h 47' 00'',164,6420,+ 01h 50' 55'',160,6655, + 01h 50' 55'',159,6655, + 01h 59' 40'',166,7180, + 01h 59' 40'',165,7180, + 02h 32' 16'',168,9136, + 02h 42' 54'',166,9774, + 02h 48' 38'',164,10118, + 03h 15' 03'',163,11703, + 03h 33' 42'',152,12822, + 03h 58' 17'',153,14297, + 03h 57' 24'',152,14244
HIVERT Jonathan,214,SOJASUN,France,18,+ 00' 00'',21,0,+ 00' 01'',34,1,+ 09' 16'',97,556,+ 10' 29'',101,629,+ 10' 29'',97,629,+ 17' 39'',109,1059,+ 32' 32'',125,1952,+ 01h 01' 36'',127,3696,+ 01h 26' 28'',128,5188,+ 01h 32' 51'',135,5571,+ 01h 38' 52'',137,5932, + 01h 42' 36'',143,6156, + 01h 51' 46'',147,6706, + 01h 54' 13'',154,6853, + 02h 44' 34'',177,9874, + 02h 55' 12'',175,10512, + 02h 59' 35'',171,10775, + 03h 26' 00'',170,12360, + 03h 44' 39'',165,13479, + 03h 53' 53'',152,14033, + 03h 57' 09'',151,14229
LEEZER Thomas,163,BELKIN PRO CYCLING,Netherlands,3,+ 00' 00'',123,0,+ 17' 35'',178,1055,+ 26' 01'',168,1561,+ 27' 35'',175,1655,+ 27' 35'',155,1655,+ 33' 13'',159,1993,+ 48' 06'',159,2886,+ 01h 17' 10'',159,4630,+ 01h 43' 10'',159,6190,+ 01h 44' 50'',159,6290,+ 01h 51' 22'',163,6682, + 01h 54' 22'',167,6862, + 01h 55' 47'',161,6947, + 01h 58' 52'',164,7132, + 02h 28' 40'',161,8920, + 02h 39' 18'',162,9558, + 02h 46' 15'',160,9975, + 03h 11' 54'',158,11514, + 03h 30' 33'',151,12633, + 03h 53' 43'',151,14023, + 03h 53' 55'',150,14035
TERPSTRA Niki,157,OMEGA PHARMA-QUICK STEP,Netherlands,14,+ 00' 00'',46,0,+ 17' 35'',157,1055,+ 26' 50'',182,1610,+ 26' 50'',158,1610,+ 26' 50'',147,1610,+ 30' 44'',154,1844,+ 45' 37'',156,2737,+ 01h 16' 44'',156,4604,+ 01h 42' 44'',157,6164,+ 01h 42' 44'',157,6164,+ 01h 46' 31'',156,6391, + 01h 46' 31'',156,6391, + 01h 45' 22'',132,6322, + 01h 45' 22'',134,6322, + 02h 13' 27'',135,8007, + 02h 24' 05'',138,8645, + 02h 31' 59'',138,9119, + 02h 58' 24'',140,10704, + 03h 25' 08'',147,12308, + 03h 51' 07'',149,13867, + 03h 52' 05'',149,13925
CAVENDISH Mark,151,OMEGA PHARMA-QUICK STEP,Great Britain,14,+ 00' 00'',58,0,+ 17' 35'',160,1055,+ 26' 50'',184,1610,+ 26' 50'',159,1610,+ 26' 50'',146,1610,+ 26' 50'',137,1610,+ 41' 43'',141,2503,+ 01h 12' 50'',147,4370,+ 01h 38' 50'',148,5930,+ 01h 38' 50'',148,5930,+ 01h 44' 09'',149,6249, + 01h 44' 09'',149,6249, + 01h 43' 00'',131,6180, + 01h 43' 00'',132,6180, + 02h 15' 36'',140,8136, + 02h 26' 14'',143,8774, + 02h 33' 49'',141,9229, + 03h 00' 14'',144,10814, + 03h 26' 58'',149,12418, + 03h 52' 57'',150,13977, + 03h 52' 04'',148,13924
KRISTOFF Alexander,103,KATUSHA TEAM,Norway,10,+ 00' 00'',2,0,+ 17' 35'',141,1055,+ 23' 48'',147,1428,+ 24' 15'',147,1455,+ 24' 15'',140,1455,+ 24' 15'',131,1455,+ 39' 08'',136,2348,+ 01h 10' 15'',140,4215,+ 01h 36' 15'',141,5775,+ 01h 36' 15'',141,5775,+ 01h 41' 18'',142,6078, + 01h 41' 18'',139,6078, + 01h 41' 18'',128,6078, + 01h 41' 18'',129,6078, + 02h 13' 54'',136,8034, + 02h 24' 32'',139,8672, + 02h 31' 35'',137,9095, + 02h 58' 00'',139,10680, + 03h 24' 44'',146,12284, + 03h 50' 43'',148,13843, + 03h 49' 50'',147,13790
FRÖHLINGER Johannes,195,TEAM ARGOS-SHIMANO,Germany,19,+ 00' 00'',143,0,+ 17' 35'',171,1055,+ 26' 01'',157,1561,+ 27' 47'',180,1667,+ 27' 47'',158,1667,+ 27' 52'',146,1672,+ 42' 45'',149,2565,+ 01h 11' 39'',143,4299,+ 01h 30' 18'',133,5418,+ 01h 31' 58'',132,5518,+ 01h 37' 14'',134,5834, + 01h 40' 14'',137,6014, + 01h 48' 59'',142,6539, + 01h 48' 59'',144,6539, + 02h 12' 06'',130,7926, + 02h 20' 14'',129,8414, + 02h 28' 17'',130,8897, + 02h 54' 42'',131,10482, + 03h 21' 26'',137,12086, + 03h 47' 25'',143,13645, + 03h 49' 02'',146,13742
CURVERS Roy,192,TEAM ARGOS-SHIMANO,Netherlands,19,+ 00' 00'',117,0,+ 17' 35'',163,1055,+ 26' 01'',156,1561,+ 27' 47'',179,1667,+ 27' 47'',157,1667,+ 27' 52'',145,1672,+ 42' 45'',148,2565,+ 01h 11' 49'',145,4309,+ 01h 36' 41'',143,5801,+ 01h 37' 34'',145,5854,+ 01h 43' 30'',146,6210, + 01h 43' 30'',145,6210, + 01h 52' 15'',148,6735, + 01h 52' 15'',147,6735, + 02h 19' 51'',144,8391, + 02h 30' 29'',144,9029, + 02h 37' 12'',144,9432, + 03h 03' 37'',150,11017, + 03h 24' 38'',145,12278, + 03h 49' 13'',147,13753, + 03h 48' 30'',145,13710
VAN POPPEL Boy,207,VACANSOLEIL-DCM,Netherlands,22,+ 00' 00'',52,0,+ 12' 44'',123,764,+ 17' 46'',127,1066,+ 19' 13'',129,1153,+ 19' 13'',125,1153,+ 24' 31'',134,1471,+ 39' 24'',138,2364,+ 01h 10' 31'',141,4231,+ 01h 36' 31'',142,5791,+ 01h 38' 11'',147,5891,+ 01h 44' 09'',148,6249, + 01h 44' 09'',147,6249, + 01h 52' 54'',151,6774, + 01h 52' 54'',149,6774, + 02h 25' 30'',152,8730, + 02h 35' 19'',153,9319, + 02h 41' 56'',152,9716, + 03h 03' 28'',149,11008, + 03h 24' 29'',143,12269, + 03h 49' 04'',145,13744, + 03h 48' 15'',144,13695
DUMOULIN Samuel,84,AG2R LA MONDIALE,France,1,+ 00' 00'',6,0,+ 17' 35'',146,1055,+ 21' 15'',138,1275,+ 23' 13'',144,1393,+ 23' 13'',137,1393,+ 23' 13'',128,1393,+ 38' 06'',134,2286,+ 01h 07' 10'',136,4030,+ 01h 33' 10'',138,5590,+ 01h 33' 10'',136,5590,+ 01h 38' 16'',135,5896, + 01h 38' 16'',133,5896, + 01h 47' 18'',136,6438, + 01h 47' 18'',138,6438, + 02h 14' 54'',138,8094, + 02h 23' 02'',134,8582, + 02h 31' 01'',134,9061, + 02h 57' 26'',135,10646, + 03h 24' 10'',141,12250, + 03h 48' 00'',144,13680, + 03h 47' 11'',143,13631
TRENTIN Matteo,158,OMEGA PHARMA-QUICK STEP,Italy,14,+ 00' 00'',5,0,+ 17' 35'',144,1055,+ 26' 01'',151,1561,+ 26' 01'',153,1561,+ 26' 01'',144,1561,+ 29' 00'',150,1740,+ 43' 53'',153,2633,+ 01h 15' 00'',155,4500,+ 01h 37' 23'',146,5843,+ 01h 37' 23'',144,5843,+ 01h 42' 03'',144,6123, + 01h 42' 03'',141,6123, + 01h 42' 03'',129,6123, + 01h 34' 46'',121,5686, + 02h 07' 22'',127,7642, + 02h 18' 00'',127,8280, + 02h 24' 21'',126,8661, + 02h 52' 45'',129,10365, + 03h 19' 29'',134,11969, + 03h 45' 49'',142,13549, + 03h 45' 30'',142,13530
KUCHYNSKI Aliaksandr,104,KATUSHA TEAM,Belarus,10,+ 00' 00'',99,0,+ 17' 35'',162,1055,+ 26' 01'',153,1561,+ 28' 08'',185,1688,+ 38' 16'',187,2296,+ 38' 45'',175,2325,+ 53' 38'',174,3218,+ 01h 22' 32'',170,4952,+ 01h 42' 38'',156,6158,+ 01h 42' 38'',156,6158,+ 01h 47' 06'',157,6426, + 01h 47' 06'',157,6426, + 01h 48' 11'',138,6491, + 01h 48' 11'',141,6491, + 02h 15' 47'',141,8147, + 02h 25' 36'',141,8736, + 02h 32' 09'',139,9129, + 02h 58' 34'',141,10714, + 03h 19' 46'',135,11986, + 03h 44' 21'',141,13461, + 03h 45' 02'',141,13502
THOMAS Geraint,9,SKY PROCYCLING,Great Britain,17,+ 00' 00'',193,0,+ 17' 35'',198,1055,+ 26' 50'',194,1610,+ 27' 37'',176,1657,+ 37' 45'',183,2265,+ 43' 03'',186,2583,+ 57' 56'',183,3476,+ 01h 29' 03'',185,5343,+ 01h 51' 26'',174,6686,+ 01h 53' 06'',175,6786,+ 01h 56' 34'',172,6994, + 01h 56' 34'',172,6994, + 01h 58' 04'',164,7084, + 02h 01' 09'',167,7269, + 02h 29' 05'',162,8945, + 02h 39' 43'',163,9583, + 02h 45' 17'',158,9917, + 03h 06' 49'',152,11209, + 03h 25' 28'',148,12328, + 03h 43' 34'',139,13414, + 03h 43' 34'',140,13414
PEREZ MORENO Ruben,118,EUSKALTEL - EUSKADI,Spain,7,+ 00' 00'',18,0,+ 17' 35'',147,1055,+ 26' 50'',179,1610,+ 29' 13'',192,1753,+ 29' 13'',163,1753,+ 29' 18'',151,1758,+ 44' 11'',154,2651,+ 01h 13' 05'',148,4385,+ 01h 39' 05'',149,5945,+ 01h 39' 05'',149,5945,+ 01h 44' 34'',151,6274, + 01h 44' 34'',151,6274, + 01h 55' 12'',159,6912, + 01h 55' 12'',157,6912, + 02h 27' 48'',159,8868, + 02h 37' 37'',158,9457, + 02h 42' 46'',153,9766, + 03h 09' 11'',154,11351, + 03h 27' 50'',150,12470, + 03h 44' 08'',140,13448, + 03h 43' 15'',139,13395
DE KORT Koen,193,TEAM ARGOS-SHIMANO,Netherlands,19,+ 00' 00'',53,0,+ 17' 35'',156,1055,+ 26' 50'',183,1610,+ 28' 36'',188,1716,+ 38' 44'',189,2324,+ 39' 30'',176,2370,+ 54' 23'',175,3263,+ 01h 25' 30'',175,5130,+ 01h 51' 30'',176,6690,+ 01h 52' 53'',174,6773,+ 01h 57' 56'',174,7076, + 01h 57' 56'',173,7076, + 01h 57' 56'',163,7076, + 01h 57' 56'',162,7076, + 02h 25' 32'',153,8732, + 02h 36' 10'',155,9370, + 02h 43' 36'',156,9816, + 03h 05' 08'',151,11108, + 03h 23' 47'',140,12227, + 03h 41' 44'',138,13304, + 03h 40' 55'',138,13255
CIMOLAI Davide,143,LAMPRE - MERIDA,Italy,11,+ 00' 00'',168,0,+ 00' 01'',63,1,+ 09' 16'',100,556,+ 09' 40'',97,580,+ 09' 40'',91,580,+ 10' 31'',87,631,+ 25' 24'',109,1524,+ 56' 31'',120,3391,+ 01h 22' 31'',121,4951,+ 01h 26' 18'',125,5178,+ 01h 30' 41'',126,5441, + 01h 30' 41'',124,5441, + 01h 39' 43'',125,5983, + 01h 39' 43'',126,5983, + 02h 12' 19'',131,7939, + 02h 22' 57'',132,8577, + 02h 28' 55'',131,8935, + 02h 57' 19'',134,10639, + 03h 16' 15'',131,11775, + 03h 40' 50'',137,13250, + 03h 40' 31'',137,13231
PAULINHO Sergio Miguel Moreira,96,TEAM SAXO-TINKOFF,Portugal,21,+ 00' 00'',127,0,+ 05' 39'',110,339,+ 14' 05'',115,845,+ 14' 30'',113,870,+ 14' 30'',111,870,+ 18' 28'',115,1108,+ 33' 21'',128,2001,+ 58' 52'',122,3532,+ 01h 18' 58'',118,4738,+ 01h 25' 21'',121,5121,+ 01h 29' 05'',123,5345, + 01h 33' 06'',128,5586, + 01h 45' 33'',134,6333, + 01h 45' 33'',136,6333, + 02h 13' 09'',134,7989, + 02h 22' 58'',133,8578, + 02h 27' 47'',128,8867, + 02h 55' 00'',132,10500, + 03h 21' 44'',139,12104, + 03h 39' 41'',136,13181, + 03h 38' 58'',136,13138
STANNARD Ian,8,SKY PROCYCLING,Great Britain,17,+ 00' 00'',164,0,+ 17' 35'',191,1055,+ 26' 01'',173,1561,+ 26' 03'',154,1563,+ 36' 11'',176,2171,+ 36' 16'',167,2176,+ 51' 09'',166,3069,+ 01h 22' 16'',168,4936,+ 01h 48' 16'',166,6496,+ 01h 48' 16'',165,6496,+ 01h 51' 42'',165,6702, + 01h 51' 42'',162,6702, + 01h 52' 27'',149,6747, + 01h 52' 27'',148,6747, + 02h 21' 06'',147,8466, + 02h 31' 44'',147,9104, + 02h 40' 32'',148,9632, + 03h 02' 04'',146,10924, + 03h 20' 43'',136,12043, + 03h 38' 49'',134,13129, + 03h 38' 49'',135,13129
REZA Kévin,57,TEAM EUROPCAR,France,20,+ 00' 00'',105,0,+ 17' 35'',174,1055,+ 26' 01'',163,1561,+ 27' 44'',177,1664,+ 27' 44'',156,1664,+ 33' 02'',158,1982,+ 47' 55'',158,2875,+ 01h 16' 59'',158,4619,+ 01h 37' 05'',145,5825,+ 01h 37' 05'',143,5825,+ 01h 40' 54'',141,6054, + 01h 40' 54'',138,6054, + 01h 50' 08'',143,6608, + 01h 53' 13'',151,6793, + 02h 25' 49'',155,8749, + 02h 35' 38'',154,9338, + 02h 41' 03'',150,9663, + 03h 02' 35'',147,10955, + 03h 21' 27'',138,12087, + 03h 39' 24'',135,13164, + 03h 38' 31'',134,13111
FISCHER Murilo Antoniobil,75,FDJ.FR,Brazil,8,+ 00' 00'',183,0,+ 17' 35'',195,1055,+ 26' 01'',174,1561,+ 27' 19'',169,1639,+ 27' 19'',151,1639,+ 27' 43'',142,1663,+ 42' 36'',145,2556,+ 01h 12' 43'',146,4363,+ 01h 32' 49'',137,5569,+ 01h 34' 29'',140,5669,+ 01h 38' 55'',138,5935, + 01h 38' 55'',135,5935, + 01h 48' 05'',137,6485, + 01h 48' 05'',140,6485, + 02h 20' 41'',146,8441, + 02h 31' 19'',145,9079, + 02h 37' 40'',145,9460, + 02h 59' 49'',143,10789, + 03h 18' 28'',133,11908, + 03h 38' 41'',133,13121, + 03h 37' 48'',133,13068
WYNANTS Maarten,169,BELKIN PRO CYCLING,Belgium,3,+ 00' 00'',20,0,+ 12' 44'',122,764,+ 18' 57'',132,1137,+ 20' 32'',132,1232,+ 20' 32'',127,1232,+ 20' 37'',121,1237,+ 35' 30'',129,2130,+ 01h 04' 34'',132,3874,+ 01h 26' 57'',129,5217,+ 01h 26' 57'',127,5217,+ 01h 31' 01'',127,5461, + 01h 31' 01'',125,5461, + 01h 31' 01'',117,5461, + 01h 31' 01'',118,5461, + 01h 58' 37'',116,7117, + 02h 09' 15'',120,7755, + 02h 16' 20'',118,8180, + 02h 42' 45'',121,9765, + 03h 09' 29'',128,11369, + 03h 35' 38'',132,12938, + 03h 37' 06'',132,13026
VANMARCKE Sep,168,BELKIN PRO CYCLING,Belgium,3,+ 00' 00'',12,0,+ 12' 44'',119,764,+ 21' 59'',142,1319,+ 24' 22'',148,1462,+ 34' 30'',170,2070,+ 41' 40'',181,2500,+ 56' 33'',179,3393,+ 01h 25' 37'',177,5137,+ 01h 43' 16'',160,6196,+ 01h 46' 04'',162,6364,+ 01h 51' 05'',162,6665, + 01h 51' 05'',160,6665, + 01h 52' 39'',150,6759, + 01h 55' 44'',159,6944, + 02h 23' 20'',150,8600, + 02h 33' 58'',151,9238, + 02h 41' 31'',151,9691, + 03h 03' 03'',148,10983, + 03h 24' 15'',142,12255, + 03h 35' 22'',131,12922, + 03h 34' 33'',131,12873
MEYER Cameron,187,ORICA GREENEDGE,Australia,15,+ 00' 00'',150,0,+ 17' 35'',179,1055,+ 17' 35'',125,1055,+ 19' 06'',128,1146,+ 29' 14'',164,1754,+ 36' 24'',168,2184,+ 51' 17'',167,3077,+ 01h 22' 24'',169,4944,+ 01h 47' 16'',165,6436,+ 01h 49' 06'',168,6546,+ 01h 52' 50'',167,6770, + 01h 55' 21'',169,6921, + 02h 07' 48'',173,7668, + 02h 07' 48'',172,7668, + 02h 30' 55'',166,9055, + 02h 20' 51'',131,8451, + 02h 28' 01'',129,8881, + 02h 54' 26'',130,10466, + 03h 15' 00'',130,11700, + 03h 32' 57'',129,12777, + 03h 32' 14'',130,12734
GREIPEL André,24,LOTTO-BELISOL,Germany,12,+ 00' 00'',181,0,+ 12' 44'',137,764,+ 21' 59'',145,1319,+ 22' 22'',137,1342,+ 22' 22'',131,1342,+ 22' 22'',125,1342,+ 37' 15'',132,2235,+ 01h 08' 22'',137,4102,+ 01h 34' 22'',139,5662,+ 01h 34' 22'',138,5662,+ 01h 39' 15'',139,5955, + 01h 39' 15'',136,5955, + 01h 39' 15'',123,5955, + 01h 39' 15'',124,5955, + 02h 04' 04'',125,7444, + 02h 14' 42'',126,8082, + 02h 20' 59'',124,8459, + 02h 47' 24'',125,10044, + 03h 08' 25'',125,11305, + 03h 33' 00'',130,12780, + 03h 32' 07'',129,12727
FAVILLI Elia,144,LAMPRE - MERIDA,Italy,11,+ 00' 00'',170,0,+ 00' 01'',70,1,+ 00' 01'',40,1,+ 00' 48'',51,48,+ 10' 56'',99,656,+ 18' 06'',113,1086,+ 18' 06'',94,1086,+ 47' 00'',103,2820,+ 01h 11' 52'',105,4312,+ 01h 11' 52'',101,4312,+ 01h 16' 50'',102,4610, + 01h 16' 50'',102,4610, + 01h 29' 17'',112,5357, + 01h 29' 17'',113,5357, + 02h 01' 53'',120,7313, + 02h 12' 31'',123,7951, + 02h 18' 36'',122,8316, + 02h 45' 01'',123,9901, + 03h 05' 35'',122,11135, + 03h 31' 43'',128,12703, + 03h 31' 19'',128,12679
LOPEZ GARCIA David,5,SKY PROCYCLING,Spain,17,+ 00' 00'',61,0,+ 17' 35'',159,1055,+ 21' 15'',139,1275,+ 21' 17'',133,1277,+ 21' 17'',128,1277,+ 23' 11'',127,1391,+ 38' 04'',133,2284,+ 01h 01' 08'',124,3668,+ 01h 27' 08'',130,5228,+ 01h 33' 31'',137,5611,+ 01h 40' 08'',140,6008, + 01h 44' 09'',148,6249, + 01h 52' 54'',152,6774, + 01h 56' 48'',161,7008, + 02h 25' 44'',154,8744, + 02h 31' 30'',146,9090, + 02h 39' 50'',147,9590, + 03h 01' 22'',145,10882, + 03h 16' 32'',132,11792, + 03h 28' 47'',127,12527, + 03h 28' 47'',127,12527
ROY Jérémy,78,FDJ.FR,France,8,+ 00' 00'',132,0,+ 17' 35'',169,1055,+ 21' 15'',141,1275,+ 21' 56'',136,1316,+ 32' 04'',168,1924,+ 32' 09'',157,1929,+ 32' 09'',124,1929,+ 01h 01' 09'',125,3669,+ 01h 23' 52'',123,5032,+ 01h 25' 32'',123,5132,+ 01h 27' 03'',120,5223, + 01h 30' 03'',123,5403, + 01h 42' 30'',130,6150, + 01h 42' 30'',131,6150, + 02h 09' 43'',128,7783, + 02h 20' 21'',130,8421, + 02h 23' 48'',125,8628, + 02h 50' 13'',127,10213, + 03h 09' 05'',127,11345, + 03h 27' 11'',125,12431, + 03h 28' 39'',126,12519
KADRI Blel,87,AG2R LA MONDIALE,France,1,+ 00' 00'',106,0,+ 08' 35'',115,515,+ 17' 01'',120,1021,+ 18' 04'',124,1084,+ 28' 12'',161,1692,+ 32' 06'',156,1926,+ 32' 06'',123,1926,+ 01h 03' 13'',130,3793,+ 01h 28' 05'',131,5285,+ 01h 29' 55'',129,5395,+ 01h 34' 51'',131,5691, + 01h 38' 35'',134,5915, + 01h 51' 02'',145,6662, + 01h 43' 55'',133,6235, + 02h 16' 31'',142,8191, + 02h 09' 05'',119,7745, + 02h 14' 17'',117,8057, + 02h 40' 42'',119,9642, + 03h 07' 26'',123,11246, + 03h 27' 14'',126,12434, + 03h 27' 17'',125,12437
MINARD Sébastien,88,AG2R LA MONDIALE,France,1,+ 00' 00'',159,0,+ 17' 35'',183,1055,+ 26' 01'',169,1561,+ 27' 04'',162,1624,+ 31' 56'',167,1916,+ 37' 14'',170,2234,+ 52' 07'',169,3127,+ 01h 21' 01'',165,4861,+ 01h 43' 24'',161,6204,+ 01h 43' 24'',158,6204,+ 01h 48' 18'',158,6498, + 01h 48' 18'',158,6498, + 01h 48' 18'',139,6498, + 01h 48' 18'',142,6498, + 02h 16' 46'',143,8206, + 02h 24' 54'',140,8694, + 02h 31' 09'',135,9069, + 02h 50' 04'',126,10204, + 03h 08' 53'',126,11333, + 03h 25' 11'',124,12311, + 03h 24' 28'',124,12268
VEILLEUX David,58,TEAM EUROPCAR,Canada,20,+ 00' 00'',84,0,+ 09' 06'',116,546,+ 14' 08'',117,848,+ 15' 20'',117,920,+ 25' 28'',143,1528,+ 25' 33'',135,1533,+ 40' 26'',139,2426,+ 01h 09' 20'',138,4160,+ 01h 29' 26'',132,5366,+ 01h 31' 06'',131,5466,+ 01h 34' 34'',130,5674, + 01h 37' 34'',132,5854, + 01h 46' 19'',135,6379, + 01h 46' 19'',137,6379, + 02h 13' 55'',137,8035, + 02h 23' 44'',137,8624, + 02h 30' 22'',132,9022, + 02h 51' 54'',128,10314, + 03h 10' 33'',129,11433, + 03h 24' 13'',122,12253, + 03h 24' 16'',123,12256
SICARD Romain,119,EUSKALTEL - EUSKADI,France,7,+ 00' 00'',56,0,+ 17' 35'',154,1055,+ 26' 01'',152,1561,+ 27' 31'',174,1651,+ 40' 31'',193,2431,+ 40' 36'',180,2436,+ 40' 36'',140,2436,+ 01h 09' 30'',139,4170,+ 01h 34' 22'',140,5662,+ 01h 34' 22'',139,5662,+ 01h 38' 37'',136,5917, + 01h 42' 38'',144,6158, + 01h 55' 05'',158,6905, + 01h 55' 05'',156,6905, + 02h 22' 41'',148,8561, + 02h 32' 30'',148,9150, + 02h 35' 58'',142,9358, + 02h 57' 30'',136,10650, + 03h 08' 17'',124,11297, + 03h 24' 37'',123,12277, + 03h 23' 54'',122,12234
DEGENKOLB John,191,TEAM ARGOS-SHIMANO,Germany,19,+ 00' 00'',108,0,+ 12' 44'',127,764,+ 21' 10'',135,1270,+ 22' 56'',143,1376,+ 22' 56'',136,1376,+ 24' 28'',133,1468,+ 24' 28'',107,1468,+ 55' 35'',117,3335,+ 01h 17' 58'',115,4678,+ 01h 19' 21'',117,4761,+ 01h 24' 04'',119,5044, + 01h 24' 04'',117,5044, + 01h 24' 04'',103,5044, + 01h 24' 04'',106,5044, + 01h 51' 50'',113,6710, + 02h 02' 28'',116,7348, + 02h 08' 48'',115,7728, + 02h 30' 59'',116,9059, + 02h 57' 43'',117,10663, + 03h 23' 42'',121,12222, + 03h 23' 23'',121,12203
NAVARDAUSKAS Ramunas,177,GARMIN - SHARP,Lithuania,9,+ 00' 00'',125,0,+ 17' 35'',177,1055,+ 26' 01'',166,1561,+ 27' 20'',170,1640,+ 27' 20'',152,1640,+ 27' 25'',140,1645,+ 27' 25'',112,1645,+ 58' 32'',121,3512,+ 01h 24' 32'',125,5072,+ 01h 24' 32'',120,5072,+ 01h 28' 08'',122,5288, + 01h 28' 08'',120,5288, + 01h 28' 08'',109,5288, + 01h 28' 08'',110,5288, + 02h 00' 44'',119,7244, + 01h 50' 50'',100,6650, + 02h 00' 45'',104,7245, + 02h 27' 10'',110,8830, + 02h 53' 54'',116,10434, + 03h 22' 12'',120,12132, + 03h 21' 29'',120,12089
SMUKULIS Gatis,107,KATUSHA TEAM,Latvia,10,+ 00' 00'',33,0,+ 05' 39'',101,339,+ 14' 54'',118,894,+ 15' 21'',118,921,+ 15' 21'',115,921,+ 15' 26'',101,926,+ 30' 19'',120,1819,+ 53' 23'',115,3203,+ 01h 15' 46'',112,4546,+ 01h 15' 46'',108,4546,+ 01h 18' 14'',107,4694, + 01h 21' 14'',112,4874, + 01h 29' 59'',114,5399, + 01h 29' 59'',115,5399, + 02h 02' 35'',122,7355, + 02h 12' 24'',122,7944, + 02h 20' 39'',123,8439, + 02h 43' 26'',122,9806, + 03h 02' 23'',121,10943, + 03h 21' 49'',119,12109, + 03h 21' 06'',119,12066
ERVITI Imanol,125,MOVISTAR TEAM,Spain,13,+ 00' 00'',180,0,+ 17' 35'',184,1055,+ 26' 01'',165,1561,+ 26' 20'',155,1580,+ 35' 17'',174,2117,+ 35' 22'',165,2122,+ 50' 15'',164,3015,+ 01h 19' 09'',162,4749,+ 01h 30' 37'',135,5437,+ 01h 32' 17'',134,5537,+ 01h 36' 27'',133,5787, + 01h 36' 27'',130,5787, + 01h 48' 54'',141,6534, + 01h 42' 23'',130,6143, + 02h 09' 59'',129,7799, + 02h 18' 07'',128,8287, + 02h 25' 06'',127,8706, + 02h 46' 38'',124,9998, + 03h 01' 58'',120,10918, + 03h 19' 55'',118,11995, + 03h 19' 12'',118,11952
SABATINI Fabio,18,CANNONDALE,Italy,5,+ 00' 00'',156,0,+ 17' 35'',180,1055,+ 26' 01'',162,1561,+ 26' 34'',157,1594,+ 26' 34'',145,1594,+ 26' 39'',136,1599,+ 26' 39'',111,1599,+ 55' 43'',119,3343,+ 01h 18' 06'',116,4686,+ 01h 18' 06'',115,4686,+ 01h 23' 36'',118,5016, + 01h 23' 36'',116,5016, + 01h 32' 21'',120,5541, + 01h 32' 21'',120,5541, + 01h 59' 57'',118,7197, + 02h 10' 35'',121,7835, + 02h 17' 41'',120,8261, + 02h 41' 09'',120,9669, + 02h 59' 48'',119,10788, + 03h 19' 23'',117,11963, + 03h 18' 40'',117,11920
MARINO Jean Marc,216,SOJASUN,France,18,+ 00' 00'',51,0,+ 00' 01'',23,1,+ 03' 41'',78,221,+ 05' 24'',82,324,+ 05' 24'',78,324,+ 05' 29'',70,329,+ 20' 22'',99,1222,+ 49' 16'',106,2956,+ 01h 15' 16'',111,4516,+ 01h 16' 25'',112,4585,+ 01h 21' 37'',116,4897, + 01h 21' 37'',114,4897, + 01h 30' 39'',116,5439, + 01h 30' 39'',117,5439, + 02h 03' 15'',123,7395, + 01h 53' 33'',104,6813, + 01h 59' 59'',102,7199, + 02h 26' 37'',108,8797, + 02h 47' 38'',112,10058, + 03h 13' 14'',114,11594, + 03h 16' 30'',116,11790
GARCIA ECHEGUIBEL Egoitz,134,COFIDIS,Spain,6,+ 00' 00'',189,0,+ 12' 44'',136,764,+ 21' 10'',136,1270,+ 22' 29'',138,1349,+ 22' 29'',132,1349,+ 27' 47'',143,1667,+ 42' 40'',146,2560,+ 01h 11' 44'',144,4304,+ 01h 37' 44'',147,5864,+ 01h 37' 44'',146,5864,+ 01h 42' 18'',145,6138, + 01h 42' 18'',142,6138, + 01h 54' 45'',156,6885, + 01h 47' 28'',139,6448, + 02h 15' 04'',139,8104, + 02h 25' 42'',142,8742, + 02h 31' 25'',136,9085, + 02h 57' 50'',138,10670, + 02h 59' 20'',118,10760, + 03h 17' 17'',116,11837, + 03h 16' 28'',115,11788
BODNAR Maciej,12,CANNONDALE,Poland,5,+ 00' 00'',153,0,+ 09' 06'',117,546,+ 18' 21'',131,1101,+ 18' 54'',127,1134,+ 18' 54'',124,1134,+ 22' 19'',124,1339,+ 22' 49'',103,1369,+ 52' 56'',114,3176,+ 01h 18' 56'',117,4736,+ 01h 18' 56'',116,4736,+ 01h 21' 05'',114,4865, + 01h 21' 05'',111,4865, + 01h 20' 15'',99,4815, + 01h 20' 15'',102,4815, + 01h 50' 03'',110,6603, + 02h 00' 41'',113,7241, + 02h 07' 13'',112,7633, + 02h 33' 38'',117,9218, + 02h 52' 17'',114,10337, + 03h 15' 58'',115,11758, + 03h 15' 15'',114,11715
MILLAR David,176,GARMIN - SHARP,Great Britain,9,+ 00' 00'',4,0,+ 00' 01'',2,1,+ 00' 01'',7,1,+ 00' 17'',13,17,+ 10' 25'',95,625,+ 15' 43'',104,943,+ 17' 07'',91,1027,+ 40' 11'',90,2411,+ 01h 06' 11'',97,3971,+ 01h 10' 28'',99,4228,+ 01h 12' 50'',98,4370, + 01h 12' 50'',97,4370, + 01h 21' 52'',102,4912, + 01h 19' 06'',96,4746, + 01h 42' 13'',99,6133, + 01h 52' 02'',102,6722, + 01h 56' 47'',99,7007, + 02h 23' 12'',104,8592, + 02h 46' 06'',107,9966, + 03h 12' 05'',112,11525, + 03h 14' 25'',113,11665
LEMOINE Cyril,215,SOJASUN,France,18,+ 00' 00'',115,0,+ 05' 39'',108,339,+ 05' 39'',88,339,+ 06' 48'',89,408,+ 06' 48'',83,408,+ 06' 48'',75,408,+ 21' 41'',102,1301,+ 50' 45'',109,3045,+ 01h 16' 45'',113,4605,+ 01h 16' 45'',113,4605,+ 01h 20' 05'',111,4805, + 01h 20' 05'',109,4805, + 01h 28' 50'',110,5330, + 01h 28' 50'',111,5330, + 01h 48' 10'',104,6490, + 01h 55' 01'',105,6901, + 02h 00' 31'',103,7231, + 02h 26' 56'',109,8816, + 02h 47' 30'',111,10050, + 03h 12' 05'',113,11525, + 03h 11' 38'',112,11498
MARANGONI Alan,16,CANNONDALE,Italy,5,+ 00' 00'',152,0,+ 12' 44'',130,764,+ 17' 46'',128,1066,+ 18' 25'',125,1105,+ 18' 25'',122,1105,+ 18' 49'',117,1129,+ 20' 24'',100,1224,+ 49' 28'',107,2968,+ 01h 14' 20'',110,4460,+ 01h 16' 00'',110,4560,+ 01h 19' 45'',110,4785, + 01h 19' 45'',108,4785, + 01h 19' 45'',97,4785, + 01h 19' 45'',99,4785, + 01h 48' 13'',105,6493, + 01h 58' 51'',110,7131, + 02h 05' 04'',109,7504, + 02h 27' 15'',111,8835, + 02h 45' 54'',106,9954, + 03h 10' 20'',110,11420, + 03h 10' 01'',111,11401
BRUTT Pavel,102,KATUSHA TEAM,Russia,10,+ 00' 00'',40,0,+ 05' 39'',102,339,+ 09' 19'',102,559,+ 09' 46'',98,586,+ 09' 46'',92,586,+ 09' 51'',84,591,+ 24' 44'',108,1484,+ 53' 38'',116,3218,+ 01h 13' 44'',108,4424,+ 01h 13' 44'',106,4424,+ 01h 16' 47'',101,4607, + 01h 16' 47'',101,4607, + 01h 17' 53'',94,4673, + 01h 10' 36'',86,4236, + 01h 43' 12'',101,6192, + 01h 53' 01'',103,6781, + 01h 59' 24'',101,7164, + 02h 25' 49'',107,8749, + 02h 52' 33'',115,10353, + 03h 10' 30'',111,11430, + 03h 09' 47'',110,11387
LOSADA ALGUACIL Alberto,105,KATUSHA TEAM,Spain,10,+ 00' 00'',45,0,+ 00' 01'',37,1,+ 06' 14'',92,374,+ 11' 24'',102,684,+ 11' 24'',100,684,+ 16' 42'',107,1002,+ 16' 42'',89,1002,+ 38' 50'',86,2330,+ 58' 56'',87,3536,+ 58' 56'',84,3536,+ 01h 03' 56'',86,3836, + 01h 03' 56'',85,3836, + 01h 03' 56'',75,3836, + 01h 03' 56'',76,3836, + 01h 33' 44'',86,5624, + 01h 43' 33'',90,6213, + 01h 50' 22'',89,6622, + 02h 16' 47'',99,8207, + 02h 43' 31'',104,9811, + 03h 07' 45'',108,11265, + 03h 07' 26'',109,11246
BAK Lars Ytting,22,LOTTO-BELISOL,Denmark,12,+ 00' 00'',161,0,+ 12' 44'',134,764,+ 17' 46'',130,1066,+ 18' 02'',123,1082,+ 18' 02'',121,1082,+ 18' 07'',114,1087,+ 33' 10'',127,1990,+ 01h 04' 17'',131,3857,+ 01h 24' 23'',124,5063,+ 01h 26' 03'',124,5163,+ 01h 28' 06'',121,5286, + 01h 31' 06'',126,5466, + 01h 31' 06'',118,5466, + 01h 23' 49'',105,5029, + 01h 51' 25'',112,6685, + 02h 01' 14'',114,7274, + 02h 07' 31'',114,7651, + 02h 29' 03'',115,8943, + 02h 50' 04'',113,10204, + 03h 08' 01'',109,11281, + 03h 07' 12'',108,11232
BENNATI Daniele,92,TEAM SAXO-TINKOFF,Italy,21,+ 00' 00'',126,0,+ 00' 01'',46,1,+ 08' 27'',94,507,+ 08' 35'',93,515,+ 08' 35'',87,515,+ 08' 59'',81,539,+ 08' 59'',71,539,+ 40' 06'',89,2406,+ 01h 02' 29'',92,3749,+ 01h 03' 24'',93,3804,+ 01h 08' 29'',94,4109, + 01h 08' 29'',93,4109, + 01h 07' 37'',78,4057, + 01h 07' 37'',79,4057, + 01h 34' 36'',87,5676, + 01h 45' 14'',93,6314, + 01h 51' 33'',93,6693, + 02h 19' 57'',101,8397, + 02h 46' 41'',110,10001, + 03h 06' 48'',107,11208, + 03h 05' 55'',107,11155
MARTIN Tony,154,OMEGA PHARMA-QUICK STEP,Germany,14,+ 00' 00'',190,0,+ 17' 35'',192,1055,+ 17' 35'',126,1055,+ 17' 35'',121,1055,+ 17' 35'',119,1055,+ 17' 40'',111,1060,+ 32' 33'',126,1953,+ 55' 37'',118,3337,+ 01h 20' 29'',119,4829,+ 01h 20' 29'',118,4829,+ 01h 20' 17'',112,4817, + 01h 20' 17'',110,4817, + 01h 20' 45'',100,4845, + 01h 20' 45'',103,4845, + 01h 48' 21'',106,6501, + 01h 58' 10'',108,7090, + 02h 01' 16'',106,7276, + 02h 27' 41'',112,8861, + 02h 46' 20'',108,9980, + 03h 04' 17'',106,11057, + 03h 05' 25'',106,11125
BOOM Lars,161,BELKIN PRO CYCLING,Netherlands,3,+ 00' 00'',112,0,+ 17' 35'',166,1055,+ 21' 15'',140,1275,+ 21' 51'',135,1311,+ 21' 51'',130,1311,+ 21' 56'',123,1316,+ 36' 49'',131,2209,+ 01h 05' 43'',134,3943,+ 01h 30' 35'',134,5435,+ 01h 30' 35'',130,5435,+ 01h 33' 06'',129,5586, + 01h 37' 13'',131,5833, + 01h 37' 13'',121,5833, + 01h 37' 13'',122,5833, + 02h 02' 07'',121,7327, + 02h 12' 45'',124,7965, + 02h 17' 40'',119,8260, + 02h 25' 01'',106,8701, + 02h 45' 38'',105,9938, + 03h 03' 35'',105,11015, + 03h 02' 52'',105,10972
FEILLU Brice,211,SOJASUN,France,18,+ 00' 00'',147,0,+ 00' 01'',77,1,+ 00' 01'',63,1,+ 01' 10'',60,70,+ 01' 10'',57,70,+ 01' 15'',51,75,+ 16' 08'',85,968,+ 47' 37'',104,2857,+ 01h 10' 00'',102,4200,+ 01h 16' 23'',111,4583,+ 01h 20' 57'',113,4857, + 01h 28' 06'',119,5286, + 01h 40' 33'',127,6033, + 01h 40' 33'',128,6033, + 01h 52' 56'',114,6776, + 02h 03' 34'',117,7414, + 02h 10' 01'',116,7801, + 02h 36' 26'',118,9386, + 02h 41' 23'',103,9683, + 02h 59' 20'',103,10760, + 02h 59' 45'',104,10785
IRIZAR Markel,45,RADIOSHACK LEOPARD,Spain,16,+ 00' 00'',160,0,+ 04' 07'',100,247,+ 13' 22'',111,802,+ 13' 50'',108,830,+ 13' 50'',107,830,+ 13' 55'',93,835,+ 28' 48'',115,1728,+ 51' 52'',111,3112,+ 01h 17' 52'',114,4672,+ 01h 17' 52'',114,4672,+ 01h 21' 20'',115,4880, + 01h 21' 20'',113,4880, + 01h 30' 05'',115,5405, + 01h 30' 05'',116,5405, + 01h 49' 25'',108,6565, + 01h 59' 14'',111,7154, + 02h 06' 18'',110,7578, + 02h 27' 50'',113,8870, + 02h 46' 29'',109,9989, + 03h 00' 22'',104,10822, + 02h 59' 39'',103,10779
TAARAMÄE Rein,131,COFIDIS,Spain,6,+ 00' 00'',77,0,+ 05' 39'',105,339,+ 11' 52'',104,712,+ 13' 36'',106,816,+ 13' 36'',104,816,+ 18' 54'',118,1134,+ 18' 54'',96,1134,+ 28' 06'',62,1686,+ 52' 58'',78,3178,+ 54' 38'',77,3278,+ 57' 16'',76,3436, + 57' 16'',73,3436, + 01h 06' 01'',77,3961, + 01h 06' 01'',78,3961, + 01h 35' 09'',89,5709, + 01h 43' 17'',89,6197, + 01h 45' 57'',84,6357, + 02h 12' 22'',91,7942, + 02h 37' 12'',99,9432, + 02h 58' 44'',102,10724, + 02h 59' 09'',102,10749
HOOGERLAND Johnny,205,VACANSOLEIL-DCM,Netherlands,22,+ 00' 00'',192,0,+ 17' 35'',188,1055,+ 26' 50'',187,1610,+ 27' 24'',172,1644,+ 27' 24'',153,1644,+ 34' 34'',161,2074,+ 49' 27'',161,2967,+ 01h 07' 06'',135,4026,+ 01h 31' 58'',136,5518,+ 01h 31' 58'',133,5518,+ 01h 36' 27'',132,5787, + 01h 36' 27'',129,5787, + 01h 48' 54'',140,6534, + 01h 48' 54'',143,6534, + 02h 06' 08'',126,7568, + 01h 57' 21'',107,7041, + 02h 02' 42'',108,7362, + 02h 21' 20'',102,8480, + 02h 39' 59'',102,9599, + 02h 57' 56'',101,10676, + 02h 57' 59'',101,10679
KOREN Kristijan,15,CANNONDALE,Slovenia,5,+ 00' 00'',194,0,+ 05' 39'',114,339,+ 05' 39'',91,339,+ 06' 12'',88,372,+ 06' 12'',82,372,+ 06' 17'',74,377,+ 06' 17'',65,377,+ 35' 21'',80,2121,+ 01h 00' 13'',88,3613,+ 01h 00' 13'',86,3613,+ 01h 04' 33'',89,3873, + 01h 04' 33'',87,3873, + 01h 13' 18'',86,4398, + 01h 13' 18'',89,4398, + 01h 40' 54'',97,6054, + 01h 49' 02'',99,6542, + 01h 53' 54'',96,6834, + 02h 15' 26'',94,8126, + 02h 34' 05'',95,9245, + 02h 57' 46'',100,10666, + 02h 57' 03'',100,10623
ARASHIRO Yukiya,52,TEAM EUROPCAR,Japan,20,+ 00' 00'',98,0,+ 00' 01'',33,1,+ 02' 30'',74,150,+ 03' 42'',75,222,+ 03' 42'',71,222,+ 03' 47'',66,227,+ 03' 47'',59,227,+ 32' 51'',75,1971,+ 55' 14'',84,3314,+ 55' 14'',80,3314,+ 59' 31'',80,3571, + 59' 31'',78,3571, + 01h 08' 16'',84,4096, + 01h 08' 16'',85,4096, + 01h 38' 39'',94,5919, + 01h 48' 28'',96,6508, + 01h 55' 45'',98,6945, + 02h 16' 27'',98,8187, + 02h 37' 39'',100,9459, + 02h 55' 36'',99,10536, + 02h 54' 53'',99,10493
BURGHARDT Marcus,33,BMC RACING TEAM,Germany,4,+ 00' 00'',64,0,+ 12' 44'',125,764,+ 21' 59'',143,1319,+ 23' 53'',146,1433,+ 23' 53'',139,1433,+ 24' 22'',132,1462,+ 39' 15'',137,2355,+ 01h 02' 19'',128,3739,+ 01h 09' 56'',101,4196,+ 01h 11' 46'',100,4306,+ 01h 14' 44'',100,4484, + 01h 14' 44'',100,4484, + 01h 14' 44'',88,4484, + 01h 07' 37'',80,4057, + 01h 33' 03'',84,5583, + 01h 43' 41'',91,6221, + 01h 50' 58'',91,6658, + 02h 12' 17'',90,7937, + 02h 27' 27'',87,8847, + 02h 50' 30'',94,10230, + 02h 54' 01'',98,10441
CASTROVIEJO NICOLAS Jonathan,123,MOVISTAR TEAM,Spain,13,+ 00' 00'',145,0,+ 04' 07'',99,247,+ 13' 22'',110,802,+ 13' 41'',107,821,+ 13' 41'',105,821,+ 14' 05'',94,845,+ 28' 58'',116,1738,+ 50' 36'',108,3036,+ 01h 01' 54'',90,3714,+ 01h 01' 54'',89,3714,+ 01h 03' 34'',85,3814, + 01h 03' 34'',84,3814, + 01h 16' 01'',91,4561, + 01h 16' 01'',93,4561, + 01h 48' 37'',107,6517, + 01h 58' 26'',109,7106, + 02h 06' 31'',111,7591, + 02h 24' 48'',105,8688, + 02h 35' 13'',97,9313, + 02h 53' 19'',95,10399, + 02h 53' 41'',97,10421
DE GENDT Thomas,203,VACANSOLEIL-DCM,Belgium,22,+ 00' 00'',103,0,+ 17' 35'',165,1055,+ 23' 48'',150,1428,+ 24' 48'',150,1488,+ 24' 48'',142,1488,+ 30' 06'',153,1806,+ 44' 59'',155,2699,+ 01h 02' 38'',129,3758,+ 01h 21' 17'',120,4877,+ 01h 22' 33'',119,4953,+ 01h 23' 22'',117,5002, + 01h 26' 50'',118,5210, + 01h 39' 17'',124,5957, + 01h 39' 17'',125,5957, + 01h 57' 42'',115,7062, + 01h 47' 43'',95,6463, + 01h 50' 24'',90,6624, + 02h 11' 56'',89,7916, + 02h 30' 35'',92,9035, + 02h 53' 38'',96,10418, + 02h 53' 41'',96,10421
GASPAROTTO Enrico,64,ASTANA PRO TEAM,Italy,2,+ 00' 00'',60,0,+ 00' 01'',44,1,+ 03' 41'',80,221,+ 04' 36'',77,276,+ 04' 36'',73,276,+ 08' 30'',79,510,+ 08' 30'',69,510,+ 37' 24'',81,2244,+ 48' 42'',68,2922,+ 50' 22'',69,3022,+ 54' 39'',70,3279, + 54' 39'',70,3279, + 01h 03' 24'',72,3804, + 01h 03' 24'',73,3804, + 01h 22' 44'',70,4964, + 01h 28' 30'',70,5310, + 01h 34' 29'',71,5669, + 02h 00' 54'',78,7254, + 02h 27' 38'',88,8858, + 02h 54' 19'',98,10459, + 02h 53' 36'',95,10416
MOSER Moreno,17,CANNONDALE,Italy,5,+ 00' 00'',142,0,+ 00' 01'',85,1,+ 09' 16'',101,556,+ 09' 49'',99,589,+ 09' 49'',93,589,+ 15' 07'',100,907,+ 16' 42'',90,1002,+ 45' 46'',99,2746,+ 01h 10' 38'',103,4238,+ 01h 12' 18'',102,4338,+ 01h 18' 06'',106,4686, + 01h 22' 07'',115,4927, + 01h 31' 09'',119,5469, + 01h 31' 09'',119,5469, + 02h 03' 45'',124,7425, + 02h 14' 23'',125,8063, + 02h 17' 43'',121,8263, + 02h 15' 32'',96,8132, + 02h 34' 11'',96,9251, + 02h 53' 46'',97,10426, + 02h 53' 27'',94,10407
FLECHA GIANNONI Juan Antonio,204,VACANSOLEIL-DCM,Spain,22,+ 00' 00'',122,0,+ 00' 01'',82,1,+ 00' 01'',44,1,+ 00' 33'',42,33,+ 00' 33'',39,33,+ 00' 33'',30,33,+ 00' 33'',28,33,+ 29' 27'',69,1767,+ 51' 50'',75,3110,+ 52' 00'',73,3120,+ 54' 59'',71,3299, + 59' 00'',77,3540, + 01h 08' 02'',82,4082, + 01h 08' 02'',83,4082, + 01h 40' 38'',95,6038, + 01h 48' 46'',97,6526, + 01h 54' 07'',97,6847, + 02h 15' 39'',97,8139, + 02h 30' 49'',93,9049, + 02h 48' 46'',93,10126, + 02h 48' 03'',93,10083
TOSATTO Matteo,99,TEAM SAXO-TINKOFF,Italy,21,+ 00' 00'',128,0,+ 00' 01'',86,1,+ 08' 27'',95,507,+ 08' 52'',94,532,+ 08' 52'',88,532,+ 09' 32'',83,572,+ 09' 32'',73,572,+ 38' 36'',84,2316,+ 58' 42'',86,3522,+ 01h 00' 22'',87,3622,+ 01h 03' 57'',87,3837, + 01h 03' 57'',86,3837, + 01h 03' 41'',73,3821, + 01h 03' 41'',74,3821, + 01h 30' 40'',80,5440, + 01h 40' 29'',85,6029, + 01h 47' 09'',85,6429, + 02h 09' 18'',88,7758, + 02h 27' 57'',90,8877, + 02h 47' 58'',92,10078, + 02h 47' 39'',92,10059
BOOKWALTER Brent,32,BMC RACING TEAM,USA,4,+ 00' 00'',175,0,+ 05' 39'',111,339,+ 05' 39'',89,339,+ 06' 04'',87,364,+ 13' 47'',106,827,+ 15' 27'',103,927,+ 15' 27'',80,927,+ 33' 06'',76,1986,+ 55' 29'',85,3329,+ 55' 29'',81,3329,+ 01h 00' 23'',82,3623, + 01h 03' 23'',82,3803, + 01h 12' 08'',85,4328, + 01h 12' 08'',87,4328, + 01h 32' 04'',82,5524, + 01h 41' 53'',86,6113, + 01h 47' 40'',86,6460, + 02h 09' 12'',87,7752, + 02h 27' 51'',89,8871, + 02h 45' 48'',91,9948, + 02h 45' 05'',91,9905
SIUTSOU Kanstantsin,7,SKY PROCYCLING,Belarus,17,+ 00' 00'',68,0,+ 17' 35'',155,1055,+ 23' 48'',148,1428,+ 23' 50'',145,1430,+ 23' 50'',138,1430,+ 23' 55'',129,1435,+ 23' 55'',105,1435,+ 48' 11'',105,2891,+ 01h 14' 11'',109,4451,+ 01h 15' 51'',109,4551,+ 01h 18' 18'',109,4698, + 01h 18' 18'',107,4698, + 01h 21' 39'',101,4899, + 01h 21' 39'',104,4899, + 01h 40' 59'',98,6059, + 01h 46' 45'',94,6405, + 01h 51' 24'',92,6684, + 02h 12' 56'',92,7976, + 02h 31' 35'',94,9095, + 02h 44' 43'',89,9883, + 02h 44' 43'',90,9883
DELAPLACE Anthony,212,SOJASUN,France,18,+ 00' 00'',86,0,+ 00' 01'',53,1,+ 03' 41'',81,221,+ 06' 01'',86,361,+ 16' 09'',116,969,+ 16' 14'',106,974,+ 31' 07'',121,1867,+ 01h 00' 01'',123,3601,+ 01h 26' 21'',127,5181,+ 01h 26' 21'',126,5181,+ 01h 29' 16'',124,5356, + 01h 29' 16'',121,5356, + 01h 29' 16'',111,5356, + 01h 29' 16'',112,5356, + 01h 47' 35'',103,6455, + 01h 55' 43'',106,6943, + 02h 01' 16'',105,7276, + 02h 22' 48'',103,8568, + 02h 37' 58'',101,9478, + 02h 44' 56'',90,9896, + 02h 44' 13'',89,9853
MATE MARDONES Luis Angel,137,COFIDIS,Spain,6,+ 00' 00'',196,0,+ 12' 44'',138,764,+ 21' 10'',137,1270,+ 22' 29'',139,1349,+ 31' 26'',166,1886,+ 36' 44'',169,2204,+ 51' 37'',168,3097,+ 01h 01' 23'',126,3683,+ 01h 23' 46'',122,5026,+ 01h 25' 26'',122,5126,+ 01h 29' 58'',125,5398, + 01h 29' 58'',122,5398, + 01h 38' 43'',122,5923, + 01h 38' 43'',123,5923, + 01h 47' 29'',102,6449, + 01h 51' 31'',101,6691, + 01h 56' 48'',100,7008, + 02h 18' 20'',100,8300, + 02h 36' 59'',98,9419, + 02h 43' 03'',88,9783, + 02h 43' 28'',88,9808
SIMON Julien,218,SOJASUN,France,18,+ 00' 00'',13,0,+ 00' 01'',3,1,+ 00' 01'',2,1,+ 01' 10'',59,70,+ 01' 10'',55,70,+ 01' 15'',49,75,+ 16' 08'',84,968,+ 45' 02'',97,2702,+ 01h 09' 54'',100,4194,+ 01h 13' 02'',103,4382,+ 01h 17' 28'',104,4648, + 01h 17' 28'',104,4648, + 01h 26' 13'',104,5173, + 01h 18' 56'',95,4736, + 01h 51' 05'',111,6665, + 02h 01' 43'',115,7303, + 02h 07' 30'',113,7650, + 02h 29' 02'',114,8942, + 02h 30' 32'',91,9032, + 02h 41' 43'',87,9703, + 02h 41' 24'',87,9684
ALBASINI Michael,182,ORICA GREENEDGE,Switzerland,15,+ 00' 00'',19,0,+ 00' 01'',28,1,+ 00' 01'',35,1,+ 00' 00'',3,0,+ 00' 00'',3,0,+ 00' 05'',4,5,+ 00' 05'',4,5,+ 28' 59'',67,1739,+ 51' 22'',73,3082,+ 51' 22'',71,3082,+ 55' 40'',74,3340, + 58' 40'',75,3520, + 01h 07' 50'',80,4070, + 01h 00' 33'',68,3633, + 01h 33' 09'',85,5589, + 01h 25' 43'',66,5143, + 01h 32' 36'',68,5556, + 01h 54' 08'',70,6848, + 02h 14' 42'',77,8082, + 02h 40' 41'',86,9641, + 02h 40' 22'',86,9622
QUINZIATO Manuel,37,BMC RACING TEAM,Italy,4,+ 00' 00'',90,0,+ 05' 39'',106,339,+ 14' 05'',113,845,+ 14' 46'',115,886,+ 14' 46'',113,886,+ 15' 26'',102,926,+ 15' 45'',82,945,+ 44' 49'',96,2689,+ 01h 04' 55'',95,3895,+ 01h 04' 55'',94,3895,+ 01h 08' 12'',92,4092, + 01h 08' 12'',91,4092, + 01h 08' 12'',83,4092, + 01h 08' 12'',84,4092, + 01h 35' 11'',90,5711, + 01h 29' 30'',73,5370, + 01h 36' 43'',74,5803, + 02h 03' 08'',80,7388, + 02h 21' 47'',85,8507, + 02h 39' 44'',85,9584, + 02h 39' 34'',85,9574
GAVAZZI Francesco,65,ASTANA PRO TEAM,Italy,2,+ 00' 00'',136,0,+ 00' 01'',49,1,+ 00' 01'',25,1,+ 01' 44'',72,104,+ 01' 44'',68,104,+ 07' 02'',77,422,+ 07' 02'',67,422,+ 30' 06'',72,1806,+ 52' 29'',77,3149,+ 52' 29'',76,3149,+ 56' 15'',75,3375, + 01h 00' 16'',79,3616, + 01h 00' 16'',67,3616, + 01h 00' 16'',67,3616, + 01h 19' 36'',67,4776, + 01h 27' 44'',68,5264, + 01h 34' 08'',70,5648, + 01h 54' 52'',71,6892, + 02h 15' 46'',80,8146, + 02h 39' 27'',83,9567, + 02h 39' 08'',84,9548
LAGUTIN Sergey,206,VACANSOLEIL-DCM,Uzbekistan,22,+ 00' 00'',27,0,+ 00' 01'',8,1,+ 00' 01'',8,1,+ 00' 33'',40,33,+ 10' 51'',98,651,+ 10' 56'',88,656,+ 25' 49'',110,1549,+ 43' 28'',93,2608,+ 01h 02' 07'',91,3727,+ 01h 02' 07'',90,3727,+ 01h 06' 34'',90,3994, + 01h 06' 34'',89,3994, + 01h 15' 36'',90,4536, + 01h 15' 36'',92,4536, + 01h 34' 56'',88,5696, + 01h 43' 04'',88,6184, + 01h 49' 12'',88,6552, + 02h 07' 50'',86,7670, + 02h 14' 39'',76,8079, + 02h 39' 14'',82,9554, + 02h 38' 55'',83,9535
SAGAN Peter,11,CANNONDALE,Slovakia,5,+ 00' 00'',154,0,+ 00' 01'',57,1,+ 00' 01'',29,1,+ 00' 34'',43,34,+ 00' 34'',40,34,+ 00' 34'',32,34,+ 00' 34'',31,34,+ 29' 38'',70,1778,+ 52' 01'',76,3121,+ 52' 01'',74,3121,+ 54' 07'',68,3247, + 54' 07'',68,3247, + 52' 58'',57,3178, + 52' 58'',57,3178, + 01h 21' 26'',68,4886, + 01h 32' 04'',75,5524, + 01h 38' 02'',75,5882, + 02h 01' 30'',79,7290, + 02h 20' 09'',84,8409, + 02h 39' 44'',84,9584, + 02h 38' 51'',82,9531
EL FARES Julien,213,SOJASUN,France,18,+ 00' 00'',188,0,+ 05' 39'',113,339,+ 05' 39'',90,339,+ 06' 48'',90,408,+ 06' 48'',84,408,+ 06' 53'',76,413,+ 06' 53'',66,413,+ 24' 32'',58,1472,+ 49' 24'',69,2964,+ 49' 24'',67,2964,+ 55' 06'',72,3306, + 55' 06'',71,3306, + 01h 03' 51'',74,3831, + 01h 03' 51'',75,3831, + 01h 36' 27'',91,5787, + 01h 38' 20'',82,5900, + 01h 42' 03'',80,6123, + 02h 00' 41'',77,7241, + 02h 19' 20'',83,8360, + 02h 37' 17'',81,9437, + 02h 36' 28'',81,9388
GERRANS Simon,181,ORICA GREENEDGE,Australia,15,+ 00' 00'',15,0,+ 00' 01'',6,1,+ 00' 01'',3,1,0,1,0,0,1,0,+ 00' 05'',3,5,+ 00' 05'',3,5,+ 28' 59'',66,1739,+ 47' 38'',67,2858,+ 49' 14'',66,2954,+ 52' 32'',67,3152, + 52' 32'',65,3152, + 52' 32'',56,3152, + 52' 32'',56,3152, + 01h 15' 39'',64,4539, + 01h 25' 28'',65,5128, + 01h 32' 18'',66,5538, + 01h 58' 43'',74,7123, + 02h 17' 22'',81,8242, + 02h 35' 19'',80,9319, + 02h 34' 36'',80,9276
ROJAS José Joaquin,129,MOVISTAR TEAM,Spain,13,+ 00' 00'',9,0,+ 12' 44'',120,764,+ 12' 44'',105,764,+ 13' 03'',104,783,+ 13' 03'',102,783,+ 13' 03'',91,783,+ 28' 06'',114,1686,+ 51' 10'',110,3070,+ 01h 13' 33'',107,4413,+ 01h 13' 33'',105,4413,+ 01h 17' 44'',105,4664, + 01h 17' 44'',105,4664, + 01h 26' 29'',106,5189, + 01h 19' 12'',97,4752, + 01h 38' 32'',93,5912, + 01h 44' 18'',92,6258, + 01h 51' 49'',94,6709, + 02h 13' 21'',93,8001, + 02h 15' 04'',78,8104, + 02h 34' 54'',79,9294, + 02h 34' 05'',79,9245
OROZ Juan José,117,EUSKALTEL - EUSKADI,Spain,7,+ 00' 00'',72,0,+ 12' 44'',126,764,+ 21' 10'',134,1270,+ 22' 33'',141,1353,+ 22' 33'',134,1353,+ 22' 38'',126,1358,+ 23' 07'',104,1387,+ 52' 01'',113,3121,+ 01h 03' 19'',93,3799,+ 01h 03' 19'',92,3799,+ 01h 08' 24'',93,4104, + 01h 08' 24'',92,4104, + 01h 17' 09'',93,4629, + 01h 17' 09'',94,4629, + 01h 30' 25'',77,5425, + 01h 34' 58'',78,5698, + 01h 41' 24'',78,6084, + 02h 07' 49'',85,7669, + 02h 26' 28'',86,8788, + 02h 34' 38'',78,9278, + 02h 33' 55'',78,9235
KENNAUGH Peter,3,SKY PROCYCLING,Great Britain,17,+ 00' 00'',62,0,+ 00' 01'',51,1,+ 09' 16'',99,556,+ 09' 18'',96,558,+ 09' 18'',90,558,+ 14' 36'',97,876,+ 16' 00'',83,960,+ 27' 01'',60,1621,+ 49' 24'',70,2964,+ 55' 51'',83,3351,+ 01h 00' 39'',83,3639, + 01h 04' 40'',88,3880, + 01h 13' 54'',87,4434, + 01h 13' 54'',90,4434, + 01h 26' 32'',72,5192, + 01h 37' 10'',80,5830, + 01h 44' 14'',81,6254, + 01h 56' 48'',72,7008, + 02h 15' 40'',79,8140, + 02h 33' 46'',77,9226, + 02h 33' 46'',77,9226
MORI Manuele,147,LAMPRE - MERIDA,Italy,11,+ 00' 00'',177,0,+ 00' 01'',90,1,+ 00' 01'',61,1,+ 01' 16'',65,76,+ 01' 16'',61,76,+ 01' 21'',55,81,+ 01' 21'',50,81,+ 23' 29'',55,1409,+ 45' 52'',66,2752,+ 45' 52'',63,2752,+ 49' 59'',63,2999, + 54' 00'',67,3240, + 01h 03' 02'',70,3782, + 01h 03' 02'',71,3782, + 01h 30' 38'',79,5438, + 01h 23' 04'',64,4984, + 01h 30' 30'',64,5430, + 01h 52' 02'',68,6722, + 02h 10' 41'',75,7841, + 02h 28' 38'',76,8918, + 02h 28' 19'',76,8899
GESCHKE Simon,196,TEAM ARGOS-SHIMANO,Germany,19,+ 00' 00'',50,0,+ 17' 35'',151,1055,+ 17' 35'',122,1055,+ 19' 21'',130,1161,+ 19' 21'',126,1161,+ 19' 53'',120,1193,+ 20' 17'',98,1217,+ 38' 46'',85,2326,+ 01h 01' 09'',89,3669,+ 01h 02' 59'',91,3779,+ 01h 07' 32'',91,4052, + 01h 10' 32'',95,4232, + 01h 19' 34'',96,4774, + 01h 12' 17'',88,4337, + 01h 32' 09'',83,5529, + 01h 40' 17'',84,6017, + 01h 44' 52'',83,6292, + 02h 03' 44'',81,7424, + 02h 00' 06'',67,7206, + 02h 26' 05'',73,8765, + 02h 27' 42'',75,8862
IMPEY Daryl,185,ORICA GREENEDGE,South Africa,15,+ 00' 00'',11,0,+ 00' 01'',4,1,+ 00' 01'',6,1,+ 00' 00'',2,0,+ 00' 00'',2,0,0,1,0,0,1,0,+ 07' 42'',31,462,+ 30' 05'',43,1805,+ 31' 41'',45,1901,+ 35' 53'',46,2153, + 35' 53'',45,2153, + 44' 38'',50,2678, + 44' 38'',50,2678, + 01h 07' 45'',54,4065, + 01h 18' 23'',61,4703, + 01h 24' 29'',60,5069, + 01h 50' 54'',67,6654, + 02h 09' 33'',74,7773, + 02h 27' 30'',75,8850, + 02h 26' 37'',74,8797
MOLARD Rudy,138,COFIDIS,France,6,+ 00' 00'',74,0,+ 00' 01'',35,1,+ 03' 41'',79,221,+ 05' 00'',79,300,+ 05' 00'',75,300,+ 10' 57'',89,657,+ 10' 57'',76,657,+ 40' 01'',88,2401,+ 01h 06' 01'',96,3961,+ 01h 06' 01'',96,3961,+ 01h 10' 31'',96,4231, + 01h 10' 31'',94,4231, + 01h 19' 16'',95,4756, + 01h 19' 16'',98,4756, + 01h 28' 02'',74,5282, + 01h 29' 41'',74,5381, + 01h 33' 28'',69,5608, + 01h 58' 59'',76,7139, + 02h 17' 38'',82,8258, + 02h 26' 08'',74,8768, + 02h 25' 25'',73,8725
HANSEN Adam,25,LOTTO-BELISOL,Australia,12,+ 00' 00'',75,0,+ 00' 01'',27,1,+ 00' 01'',23,1,+ 00' 17'',15,17,+ 00' 17'',15,17,+ 00' 22'',15,22,+ 15' 15'',79,915,+ 44' 09'',94,2649,+ 01h 06' 32'',98,3992,+ 01h 07' 36'',97,4056,+ 01h 11' 16'',97,4276, + 01h 11' 16'',96,4276, + 01h 20' 01'',98,4801, + 01h 20' 01'',100,4801, + 01h 30' 30'',78,5430, + 01h 23' 04'',63,4984, + 01h 28' 44'',62,5324, + 01h 47' 22'',65,6442, + 02h 06' 01'',71,7561, + 02h 23' 58'',72,8638, + 02h 23' 15'',72,8595
DE MARCHI Alessandro,13,CANNONDALE,Italy,5,+ 00' 00'',157,0,+ 01' 24'',94,84,+ 01' 24'',73,84,+ 01' 57'',73,117,+ 01' 57'',69,117,+ 02' 02'',64,122,+ 02' 35'',57,155,+ 31' 39'',74,1899,+ 54' 02'',81,3242,+ 01h 00' 25'',88,3625,+ 01h 04' 01'',88,3841, + 01h 08' 02'',90,4082, + 01h 17' 04'',92,4624, + 01h 20' 09'',101,4809, + 01h 49' 57'',109,6597, + 01h 59' 46'',112,7186, + 02h 02' 28'',107,7348, + 02h 04' 37'',83,7477, + 01h 58' 02'',65,7082, + 02h 22' 28'',71,8548, + 02h 23' 11'',71,8591
HESJEDAL Ryder,171,GARMIN - SHARP,Canada,9,+ 00' 00'',91,0,+ 00' 01'',40,1,+ 00' 01'',26,1,+ 00' 17'',16,17,+ 00' 17'',14,17,+ 00' 22'',14,22,+ 00' 22'',14,22,+ 08' 29'',35,509,+ 26' 08'',41,1568,+ 27' 48'',41,1668,+ 32' 38'',41,1958, + 36' 22'',47,2182, + 48' 49'',54,2929, + 51' 29'',55,3089, + 01h 19' 05'',66,4745, + 01h 28' 54'',72,5334, + 01h 32' 01'',65,5521, + 01h 41' 15'',62,6075, + 02h 04' 09'',69,7449, + 02h 22' 06'',69,8526, + 02h 21' 41'',70,8501
IZAGUIRRE INSAUSTI Jon,114,EUSKALTEL - EUSKADI,Spain,7,+ 00' 00'',81,0,+ 00' 01'',26,1,+ 03' 41'',77,221,+ 05' 04'',81,304,+ 05' 04'',77,304,+ 10' 22'',86,622,+ 10' 22'',75,622,+ 41' 29'',91,2489,+ 45' 03'',62,2703,+ 45' 03'',61,2703,+ 47' 28'',61,2848, + 47' 28'',60,2848, + 56' 30'',62,3390, + 56' 30'',62,3390, + 01h 29' 06'',76,5346, + 01h 37' 14'',81,5834, + 01h 39' 39'',77,5979, + 02h 04' 14'',82,7454, + 02h 04' 18'',70,7458, + 02h 22' 15'',70,8535, + 02h 21' 32'',69,8492
CLARKE Simon,183,ORICA GREENEDGE,Australia,15,+ 00' 00'',36,0,+ 17' 35'',153,1055,+ 17' 35'',124,1055,+ 17' 36'',122,1056,+ 17' 36'',120,1056,+ 17' 41'',112,1061,+ 17' 41'',93,1061,+ 46' 35'',101,2795,+ 53' 22'',80,3202,+ 55' 12'',79,3312,+ 59' 57'',81,3597, + 01h 02' 57'',81,3777, + 01h 15' 24'',89,4524, + 01h 15' 24'',91,4524, + 01h 28' 40'',75,5320, + 01h 39' 18'',83,5958, + 01h 44' 52'',82,6292, + 02h 06' 24'',84,7584, + 02h 07' 54'',72,7674, + 02h 16' 58'',68,8218, + 02h 20' 14'',68,8414
VOIGT Jens,48,RADIOSHACK LEOPARD,Germany,16,+ 00' 00'',120,0,+ 05' 39'',107,339,+ 14' 05'',114,845,+ 14' 33'',114,873,+ 14' 33'',112,873,+ 14' 38'',98,878,+ 14' 38'',77,878,+ 37' 42'',82,2262,+ 45' 19'',63,2719,+ 45' 19'',62,2719,+ 50' 43'',64,3043, + 50' 43'',62,3043, + 59' 28'',65,3568, + 56' 42'',63,3402, + 01h 24' 18'',71,5058, + 01h 34' 56'',77,5696, + 01h 41' 43'',79,6103, + 01h 53' 39'',69,6819, + 02h 08' 49'',73,7729, + 02h 15' 28'',67,8128, + 02h 15' 09'',67,8109
VICHOT Arthur,79,FDJ.FR,France,8,+ 00' 00'',104,0,+ 00' 01'',43,1,+ 09' 16'',98,556,+ 09' 57'',100,597,+ 09' 57'',94,597,+ 10' 02'',85,602,+ 10' 02'',74,602,+ 28' 31'',64,1711,+ 39' 49'',55,2389,+ 39' 49'',55,2389,+ 44' 25'',55,2665, + 44' 25'',54,2665, + 44' 25'',49,2665, + 37' 08'',43,2228, + 55' 05'',44,3305, + 59' 07'',44,3547, + 01h 05' 09'',44,3909, + 01h 26' 41'',49,5201, + 01h 53' 25'',63,6805, + 02h 13' 38'',66,8018, + 02h 15' 06'',66,8106
VOECKLER Thomas,59,TEAM EUROPCAR,France,20,+ 00' 00'',100,0,+ 00' 01'',72,1,+ 00' 01'',66,1,+ 01' 15'',64,75,+ 01' 15'',60,75,+ 01' 20'',54,80,+ 16' 13'',86,973,+ 37' 53'',83,2273,+ 01h 03' 53'',94,3833,+ 01h 05' 43'',95,3943,+ 01h 10' 10'',95,4210, + 01h 13' 54'',98,4434, + 01h 26' 21'',105,5181, + 01h 26' 21'',107,5181, + 01h 38' 23'',92,5903, + 01h 28' 41'',71,5321, + 01h 35' 00'',72,5700, + 01h 41' 16'',63,6076, + 01h 52' 03'',62,6723, + 02h 13' 00'',65,7980, + 02h 12' 48'',65,7968
TANKINK Bram,166,BELKIN PRO CYCLING,Netherlands,3,+ 00' 00'',176,0,+ 00' 01'',75,1,+ 00' 01'',56,1,+ 00' 37'',46,37,+ 00' 37'',43,37,+ 00' 42'',41,42,+ 00' 42'',38,42,+ 18' 21'',52,1101,+ 37' 00'',54,2220,+ 37' 00'',53,2220,+ 41' 24'',53,2484, + 41' 24'',53,2484, + 41' 24'',47,2484, + 41' 24'',49,2484, + 54' 52'',42,3292, + 56' 31'',43,3391, + 01h 02' 44'',42,3764, + 01h 24' 16'',46,5056, + 01h 51' 00'',59,6660, + 02h 10' 09'',64,7809, + 02h 10' 12'',64,7812
COPPEL Jérôme,133,COFIDIS,France,6,+ 00' 00'',173,0,+ 12' 44'',135,764,+ 12' 44'',108,764,+ 14' 03'',109,843,+ 14' 03'',108,843,+ 14' 08'',95,848,+ 29' 01'',117,1741,+ 46' 40'',102,2800,+ 01h 12' 40'',106,4360,+ 01h 14' 20'',107,4460,+ 01h 17' 12'',103,4632, + 01h 17' 12'',103,4632, + 01h 29' 39'',113,5379, + 01h 29' 39'',114,5379, + 01h 42' 45'',100,6165, + 01h 32' 19'',76,5539, + 01h 36' 04'',73,5764, + 01h 57' 36'',73,7056, + 01h 58' 21'',66,7101, + 02h 09' 32'',63,7772, + 02h 09' 13'',63,7753
GILBERT Philippe,34,BMC RACING TEAM,Belgium,4,+ 00' 00'',138,0,+ 00' 01'',58,1,+ 00' 01'',31,1,+ 00' 26'',29,26,+ 00' 26'',27,26,+ 00' 31'',24,31,+ 00' 31'',23,31,+ 29' 25'',68,1765,+ 51' 48'',74,3108,+ 51' 48'',72,3108,+ 54' 31'',69,3271, + 54' 31'',69,3271, + 01h 03' 16'',71,3796, + 01h 03' 16'',72,3796, + 01h 12' 02'',61,4322, + 01h 01' 58'',48,3718, + 01h 06' 28'',46,3988, + 01h 32' 53'',58,5573, + 01h 51' 32'',60,6692, + 02h 08' 00'',62,7680, + 02h 07' 11'',62,7631
LEVARLET Guillaume,136,COFIDIS,France,6,+ 00' 00'',137,0,+ 12' 44'',129,764,+ 12' 44'',106,764,+ 14' 15'',112,855,+ 14' 15'',110,855,+ 19' 33'',119,1173,+ 19' 33'',97,1173,+ 42' 37'',92,2557,+ 01h 07' 29'',99,4049,+ 01h 09' 09'',98,4149,+ 01h 14' 11'',99,4451, + 01h 14' 11'',99,4451, + 01h 26' 38'',107,5198, + 01h 26' 38'',108,5198, + 01h 40' 46'',96,6046, + 01h 48' 54'',98,6534, + 01h 53' 17'',95,6797, + 01h 58' 48'',75,7128, + 02h 00' 48'',68,7248, + 02h 07' 44'',61,7664, + 02h 07' 01'',61,7621
DANIELSON Thomas,173,GARMIN - SHARP,USA,9,+ 00' 00'',111,0,+ 00' 01'',84,1,+ 00' 01'',69,1,+ 00' 17'',20,17,+ 00' 17'',18,17,+ 00' 22'',17,22,+ 00' 22'',16,22,+ 18' 01'',51,1081,+ 40' 24'',56,2424,+ 42' 04'',58,2524,+ 46' 27'',60,2787, + 50' 11'',61,3011, + 58' 56'',64,3536, + 58' 56'',65,3536, + 01h 18' 16'',65,4696, + 01h 28' 05'',69,5285, + 01h 32' 23'',67,5543, + 01h 41' 37'',64,6097, + 01h 52' 02'',61,6722, + 02h 05' 47'',60,7547, + 02h 05' 28'',60,7528
FEDRIGO Pierrick,74,FDJ.FR,France,8,+ 00' 00'',55,0,+ 04' 07'',96,247,+ 04' 07'',83,247,+ 05' 01'',80,301,+ 05' 01'',76,301,+ 05' 06'',69,306,+ 05' 06'',62,306,+ 34' 00'',78,2040,+ 54' 06'',82,3246,+ 55' 46'',82,3346,+ 58' 59'',79,3539, + 58' 59'',76,3539, + 01h 07' 44'',79,4064, + 01h 07' 44'',81,4064, + 01h 27' 50'',73,5270, + 01h 35' 10'',79,5710, + 01h 38' 54'',76,5934, + 01h 48' 24'',66,6504, + 01h 53' 51'',64,6831, + 02h 05' 02'',59,7502, + 02h 04' 19'',59,7459
GALLOPIN Tony,44,RADIOSHACK LEOPARD,France,16,+ 00' 00'',187,0,+ 00' 01'',87,1,+ 05' 03'',87,303,+ 05' 31'',84,331,+ 05' 31'',80,331,+ 05' 36'',72,336,+ 05' 36'',64,336,+ 23' 15'',54,1395,+ 43' 21'',59,2601,+ 43' 21'',59,2601,+ 45' 46'',57,2746, + 45' 46'',56,2746, + 58' 13'',63,3493, + 58' 13'',64,3493, + 01h 15' 09'',63,4509, + 01h 06' 27'',53,3987, + 01h 12' 08'',52,4328, + 01h 33' 40'',59,5620, + 01h 39' 07'',53,5947, + 02h 03' 42'',58,7422, + 02h 02' 59'',58,7379
NIEMIEC Przemyslaw,148,LAMPRE - MERIDA,Poland,11,+ 00' 00'',70,0,+ 00' 01'',47,1,+ 00' 01'',46,1,+ 00' 25'',26,25,+ 00' 25'',24,25,+ 00' 30'',22,30,+ 00' 30'',21,30,+ 09' 19'',39,559,+ 20' 37'',35,1237,+ 20' 37'',35,1237,+ 24' 58'',36,1498, + 24' 58'',36,1498, + 33' 43'',37,2023, + 33' 43'',38,2023, + 01h 01' 19'',49,3679, + 01h 07' 05'',54,4025, + 01h 13' 45'',55,4425, + 01h 24' 11'',45,5051, + 01h 42' 50'',57,6170, + 02h 00' 47'',57,7247, + 02h 00' 28'',57,7228
MOINARD Amaël,35,BMC RACING TEAM,France,4,+ 00' 00'',178,0,+ 00' 01'',91,1,+ 00' 01'',68,1,+ 00' 26'',31,26,+ 00' 26'',29,26,+ 00' 31'',26,31,+ 00' 31'',25,31,+ 15' 00'',45,900,+ 41' 00'',57,2460,+ 41' 00'',56,2460,+ 44' 49'',56,2689, + 44' 49'',55,2689, + 44' 49'',51,2689, + 44' 49'',51,2689, + 01h 02' 03'',50,3723, + 01h 10' 11'',57,4211, + 01h 16' 38'',56,4598, + 01h 38' 10'',61,5890, + 01h 36' 11'',50,5771, + 02h 00' 46'',56,7246, + 02h 00' 03'',56,7203
CUNEGO Damiano,141,LAMPRE - MERIDA,Italy,11,+ 00' 00'',32,0,+ 00' 01'',17,1,+ 00' 01'',16,1,+ 00' 25'',25,25,+ 00' 25'',23,25,+ 01' 24'',56,84,+ 01' 24'',51,84,+ 15' 43'',46,943,+ 22' 30'',38,1350,+ 22' 30'',38,1350,+ 26' 09'',38,1569, + 26' 09'',38,1569, + 38' 36'',44,2316, + 38' 36'',46,2316, + 01h 06' 12'',53,3972, + 01h 16' 01'',58,4561, + 01h 21' 11'',57,4871, + 01h 26' 50'',50,5210, + 01h 42' 00'',56,6120, + 01h 59' 57'',55,7197, + 01h 59' 38'',55,7178
AMADOR Andrey,122,MOVISTAR TEAM,Croatia,13,+ 00' 00'',118,0,+ 00' 01'',56,1,+ 00' 01'',49,1,+ 00' 20'',23,20,+ 00' 20'',22,20,+ 00' 25'',21,25,+ 00' 25'',20,25,+ 08' 49'',37,529,+ 28' 55'',42,1735,+ 30' 35'',42,1835,+ 34' 42'',44,2082, + 34' 42'',43,2082, + 47' 09'',53,2829, + 47' 09'',53,2829, + 59' 43'',46,3583, + 01h 05' 29'',51,3929, + 01h 13' 13'',54,4393, + 01h 31' 20'',54,5480, + 01h 41' 45'',55,6105, + 01h 59' 42'',54,7182, + 01h 58' 59'',54,7139
DIDIER Laurent,43,RADIOSHACK LEOPARD,Luxembourg,16,+ 00' 00'',78,0,+ 05' 39'',104,339,+ 11' 52'',103,712,+ 13' 29'',105,809,+ 13' 29'',103,809,+ 18' 47'',116,1127,+ 18' 47'',95,1127,+ 29' 44'',71,1784,+ 41' 02'',58,2462,+ 41' 02'',57,2462,+ 46' 06'',58,2766, + 46' 06'',57,2766, + 54' 51'',59,3291, + 54' 51'',59,3291, + 01h 11' 47'',60,4307, + 01h 01' 43'',47,3703, + 01h 08' 44'',48,4124, + 01h 26' 05'',48,5165, + 01h 41' 15'',54,6075, + 01h 59' 12'',53,7152, + 01h 58' 53'',53,7133
MEDEREL Maxime,217,SOJASUN,France,18,+ 00' 00'',116,0,+ 00' 01'',80,1,+ 00' 01'',67,1,+ 01' 10'',61,70,+ 01' 10'',56,70,+ 01' 15'',50,75,+ 01' 15'',47,75,+ 09' 39'',40,579,+ 20' 57'',36,1257,+ 20' 57'',36,1257,+ 24' 55'',35,1495, + 24' 55'',35,1495, + 33' 40'',36,2020, + 33' 40'',37,2020, + 40' 24'',33,2424, + 42' 17'',36,2537, + 49' 35'',36,2975, + 01h 16' 00'',43,4560, + 01h 34' 39'',49,5679, + 01h 52' 36'',52,6756, + 01h 53' 01'',52,6781
TROFIMOV Yury,108,KATUSHA TEAM,Russia,10,+ 00' 00'',119,0,+ 00' 01'',83,1,+ 05' 03'',86,303,+ 05' 30'',83,330,+ 05' 30'',79,330,+ 05' 35'',71,335,+ 05' 35'',63,335,+ 27' 43'',61,1663,+ 45' 22'',64,2722,+ 47' 02'',65,2822,+ 50' 50'',65,3050, + 50' 50'',63,3050, + 59' 52'',66,3592, + 59' 52'',66,3592, + 01h 11' 08'',59,4268, + 01h 01' 04'',46,3664, + 01h 05' 36'',45,3936, + 01h 32' 01'',56,5521, + 01h 33' 55'',48,5635, + 01h 50' 13'',51,6613, + 01h 49' 54'',51,6594
NORDHAUG Lars-Peter,165,BELKIN PRO CYCLING,Norway,3,+ 00' 00'',94,0,+ 00' 01'',60,1,+ 00' 01'',50,1,+ 00' 37'',45,37,+ 00' 37'',44,37,+ 00' 42'',40,42,+ 00' 42'',40,42,+ 23' 46'',56,1426,+ 35' 04'',52,2104,+ 37' 55'',54,2275,+ 42' 59'',54,2579, + 47' 00'',59,2820, + 55' 45'',61,3345, + 55' 45'',61,3345, + 01h 09' 01'',56,4141, + 01h 18' 50'',62,4730, + 01h 24' 57'',61,5097, + 01h 28' 28'',52,5308, + 01h 43' 38'',58,6218, + 01h 50' 01'',50,6601, + 01h 49' 42'',50,6582
MALACARNE Davide,56,TEAM EUROPCAR,Italy,20,+ 00' 00'',151,0,+ 00' 01'',71,1,+ 00' 01'',43,1,+ 01' 13'',62,73,+ 01' 13'',59,73,+ 01' 18'',53,78,+ 01' 18'',48,78,+ 07' 40'',30,460,+ 14' 27'',27,867,+ 14' 27'',27,867,+ 17' 57'',28,1077, + 17' 57'',28,1077, + 26' 42'',29,1602, + 26' 42'',30,1602, + 54' 18'',40,3258, + 01h 04' 56'',50,3896, + 01h 11' 03'',51,4263, + 01h 32' 35'',57,5555, + 01h 36' 44'',52,5804, + 01h 45' 33'',49,6333, + 01h 44' 50'',49,6290
VORGANOV Eduard,109,KATUSHA TEAM,Russia,10,+ 00' 00'',71,0,+ 00' 01'',21,1,+ 00' 01'',17,1,+ 00' 28'',33,28,+ 00' 28'',31,28,+ 00' 33'',27,33,+ 00' 33'',26,33,+ 08' 40'',36,520,+ 19' 58'',34,1198,+ 19' 58'',33,1198,+ 23' 46'',34,1426, + 23' 46'',34,1426, + 32' 48'',34,1968, + 32' 48'',35,1968, + 42' 55'',34,2575, + 47' 28'',40,2848, + 54' 23'',39,3263, + 01h 13' 01'',41,4381, + 01h 31' 40'',47,5500, + 01h 43' 24'',48,6204, + 01h 42' 41'',48,6161
PLAZA MOLINA Ruben,127,MOVISTAR TEAM,Spain,13,+ 00' 00'',130,0,+ 04' 07'',97,247,+ 07' 47'',93,467,+ 08' 06'',92,486,+ 08' 06'',86,486,+ 08' 30'',80,510,+ 08' 30'',70,510,+ 17' 35'',50,1055,+ 24' 22'',39,1462,+ 26' 02'',40,1562,+ 28' 22'',39,1702, + 28' 22'',39,1702, + 40' 49'',46,2449, + 40' 49'',48,2449, + 01h 00' 09'',48,3609, + 01h 09' 58'',56,4198, + 01h 13' 13'',53,4393, + 01h 29' 17'',53,5357, + 01h 23' 21'',40,5001, + 01h 41' 18'',47,6078, + 01h 40' 35'',47,6035
VUILLERMOZ Alexis,219,SOJASUN,France,18,+ 00' 00'',83,0,+ 00' 01'',54,1,+ 02' 30'',75,150,+ 03' 39'',74,219,+ 03' 39'',70,219,+ 03' 44'',65,224,+ 03' 44'',58,224,+ 15' 48'',47,948,+ 34' 27'',50,2067,+ 35' 43'',52,2143,+ 40' 11'',52,2411, + 40' 11'',52,2411, + 48' 56'',55,2936, + 48' 56'',54,2936, + 01h 03' 47'',51,3827, + 01h 05' 40'',52,3940, + 01h 09' 55'',49,4195, + 01h 17' 49'',44,4669, + 01h 36' 41'',51,5801, + 01h 40' 48'',46,6048, + 01h 40' 05'',46,6005
VAN GARDEREN Tejay,39,BMC RACING TEAM,USA,4,+ 00' 00'',139,0,+ 00' 01'',61,1,+ 00' 01'',38,1,+ 00' 26'',30,26,+ 00' 26'',28,26,+ 00' 31'',25,31,+ 00' 31'',24,31,+ 12' 38'',44,758,+ 35' 01'',51,2101,+ 35' 01'',50,2101,+ 38' 08'',51,2288, + 38' 08'',51,2288, + 38' 08'',43,2288, + 32' 26'',34,1946, + 01h 00' 02'',47,3602, + 01h 08' 10'',55,4090, + 01h 10' 01'',50,4201, + 01h 07' 22'',39,4042, + 01h 26' 01'',44,5161, + 01h 38' 32'',44,5912, + 01h 38' 57'',45,5937
GENIEZ Alexandre,76,FDJ.FR,France,8,+ 00' 00'',92,0,+ 00' 01'',74,1,+ 00' 01'',65,1,+ 00' 42'',50,42,+ 00' 42'',47,42,+ 00' 47'',44,47,+ 15' 40'',81,940,+ 25' 03'',59,1503,+ 49' 55'',71,2995,+ 49' 55'',68,2995,+ 52' 30'',66,3150, + 52' 30'',64,3150, + 01h 01' 32'',68,3692, + 01h 01' 32'',69,3692, + 01h 22' 02'',69,4922, + 01h 26' 04'',67,5164, + 01h 29' 01'',63,5341, + 01h 31' 36'',55,5496, + 01h 24' 48'',42,5088, + 01h 38' 49'',45,5929, + 01h 38' 06'',44,5886
HERNANDEZ BLAZQUEZ Jesus,93,TEAM SAXO-TINKOFF,Spain,21,+ 00' 00'',129,0,+ 05' 39'',109,339,+ 14' 05'',116,845,+ 14' 13'',111,853,+ 24' 21'',141,1461,+ 29' 39'',152,1779,+ 29' 39'',119,1779,+ 34' 31'',79,2071,+ 45' 49'',65,2749,+ 52' 12'',75,3132,+ 57' 44'',77,3464, + 01h 01' 45'',80,3705, + 01h 01' 45'',69,3705, + 01h 01' 45'',70,3705, + 01h 07' 58'',55,4078, + 01h 17' 47'',60,4667, + 01h 23' 43'',59,5023, + 01h 36' 52'',60,5812, + 01h 30' 58'',46,5458, + 01h 33' 24'',40,5604, + 01h 36' 40'',43,5800
ASTARLOZA Mikel,112,EUSKALTEL - EUSKADI,Spain,7,+ 00' 00'',59,0,+ 00' 01'',22,1,+ 00' 01'',21,1,+ 01' 24'',68,84,+ 01' 24'',66,84,+ 01' 29'',63,89,+ 01' 29'',55,89,+ 09' 53'',42,593,+ 21' 11'',37,1271,+ 21' 11'',37,1271,+ 25' 21'',37,1521, + 25' 21'',37,1521, + 37' 48'',42,2268, + 37' 48'',45,2268, + 55' 02'',43,3302, + 44' 55'',38,2695, + 51' 01'',38,3061, + 01h 02' 13'',37,3733, + 01h 20' 52'',39,4852, + 01h 37' 10'',43,5830, + 01h 36' 27'',42,5787
DUMOULIN Tom,194,TEAM ARGOS-SHIMANO,Netherlands,19,+ 00' 00'',54,0,+ 12' 44'',124,764,+ 13' 01'',109,781,+ 14' 47'',116,887,+ 14' 47'',114,887,+ 14' 52'',99,892,+ 14' 52'',78,892,+ 33' 21'',77,2001,+ 44' 39'',60,2679,+ 44' 39'',60,2679,+ 46' 12'',59,2772, + 46' 12'',58,2772, + 54' 57'',60,3297, + 54' 57'',60,3297, + 01h 12' 11'',62,4331, + 01h 02' 03'',49,3723, + 01h 06' 55'',47,4015, + 01h 28' 27'',51,5307, + 01h 23' 43'',41,5023, + 01h 35' 13'',42,5713, + 01h 34' 30'',41,5670
ROCHE Nicolas,97,TEAM SAXO-TINKOFF,Ireland,21,+ 00' 00'',14,0,+ 00' 01'',11,1,+ 00' 01'',11,1,+ 00' 09'',9,9,+ 00' 09'',9,9,+ 00' 14'',9,14,+ 00' 14'',9,14,+ 04' 10'',22,250,+ 30' 10'',44,1810,+ 31' 50'',47,1910,+ 34' 13'',42,2053, + 34' 13'',41,2053, + 33' 15'',35,1995, + 33' 15'',36,1995, + 49' 54'',38,2994, + 40' 12'',34,2412, + 47' 25'',34,2845, + 01h 13' 50'',42,4430, + 01h 29' 00'',45,5340, + 01h 34' 29'',41,5669, + 01h 34' 17'',40,5657
EVANS Cadel,31,BMC RACING TEAM,Australia,4,+ 00' 00'',23,0,+ 00' 01'',10,1,+ 00' 01'',9,1,+ 00' 26'',28,26,+ 00' 26'',26,26,+ 00' 31'',23,31,+ 00' 31'',22,31,+ 04' 36'',23,276,+ 04' 36'',16,276,+ 04' 36'',16,276,+ 06' 54'',14,414, + 06' 54'',14,414, + 06' 54'',12,414, + 06' 54'',13,414, + 15' 40'',16,940, + 16' 40'',17,1000, + 24' 44'',18,1484, + 46' 16'',29,2776, + 01h 13' 00'',36,4380, + 01h 30' 57'',39,5457, + 01h 30' 14'',39,5414
DE CLERCQ Bart,23,LOTTO-BELISOL,Belgium,12,+ 00' 00'',158,0,+ 12' 44'',133,764,+ 12' 44'',107,764,+ 13' 00'',103,780,+ 13' 00'',101,780,+ 13' 05'',92,785,+ 27' 58'',113,1678,+ 46' 27'',100,2787,+ 53' 14'',79,3194,+ 59' 37'',85,3577,+ 01h 03' 31'',84,3811, + 01h 03' 31'',83,3811, + 01h 07' 51'',81,4071, + 01h 07' 51'',82,4071, + 01h 10' 03'',57,4203, + 01h 17' 23'',59,4643, + 01h 22' 02'',58,4922, + 01h 24' 20'',47,5060, + 01h 17' 38'',38,4658, + 01h 28' 49'',38,5329, + 01h 28' 06'',38,5286
RIBLON Christophe,89,AG2R LA MONDIALE,France,1,+ 00' 00'',25,0,+ 00' 01'',9,1,+ 03' 41'',76,221,+ 04' 44'',78,284,+ 04' 44'',74,284,+ 04' 49'',68,289,+ 04' 49'',61,289,+ 19' 00'',53,1140,+ 45' 00'',61,2700,+ 46' 40'',64,2800,+ 49' 48'',62,2988, + 53' 32'',66,3212, + 53' 32'',58,3212, + 53' 32'',58,3212, + 01h 10' 19'',58,4219, + 59' 53'',45,3593, + 01h 02' 47'',43,3767, + 59' 09'',35,3549, + 01h 25' 53'',43,5153, + 01h 28' 46'',37,5326, + 01h 27' 57'',37,5277
ZUBELDIA Haimar,49,RADIOSHACK LEOPARD,Spain,16,+ 00' 00'',67,0,+ 00' 01'',48,1,+ 00' 01'',39,1,+ 00' 29'',37,29,+ 00' 29'',36,29,+ 00' 34'',35,34,+ 00' 34'',34,34,+ 03' 30'',19,210,+ 25' 53'',40,1553,+ 25' 53'',39,1553,+ 29' 57'',40,1797, + 29' 57'',40,1797, + 38' 42'',45,2322, + 38' 42'',47,2322, + 47' 28'',37,2848, + 55' 36'',42,3336, + 59' 51'',40,3591, + 01h 09' 21'',40,4161, + 01h 16' 10'',37,4570, + 01h 25' 05'',36,5105, + 01h 24' 22'',36,5062
MORABITO Steve,36,BMC RACING TEAM,Switzerland,4,+ 00' 00'',140,0,+ 04' 07'',98,247,+ 04' 07'',84,247,+ 04' 32'',76,272,+ 04' 32'',72,272,+ 04' 37'',67,277,+ 04' 37'',60,277,+ 16' 41'',48,1001,+ 16' 46'',31,1006,+ 17' 14'',30,1034,+ 19' 59'',30,1199, + 19' 59'',30,1199, + 19' 59'',24,1199, + 19' 59'',24,1199, + 28' 45'',23,1725, + 29' 45'',23,1785, + 34' 39'',22,2079, + 44' 46'',27,2686, + 01h 03' 25'',33,3805, + 01h 21' 22'',35,4882, + 01h 20' 39'',35,4839
DUPONT Hubert,85,AG2R LA MONDIALE,France,1,+ 00' 00'',148,0,+ 12' 44'',132,764,+ 17' 46'',129,1066,+ 18' 49'',126,1129,+ 18' 49'',123,1129,+ 24' 07'',130,1447,+ 24' 07'',106,1447,+ 30' 29'',73,1829,+ 30' 29'',46,1829,+ 32' 09'',48,1929,+ 36' 43'',49,2203, + 36' 43'',49,2203, + 36' 43'',40,2203, + 36' 43'',42,2203, + 53' 57'',39,3237, + 55' 36'',41,3336, + 01h 00' 55'',41,3655, + 01h 06' 51'',38,4011, + 01h 08' 21'',35,4101, + 01h 15' 42'',34,4542, + 01h 14' 59'',34,4499
MARTIN Daniel,175,GARMIN - SHARP,Ireland,9,+ 00' 00'',93,0,+ 00' 01'',68,1,+ 00' 01'',59,1,+ 00' 17'',19,17,+ 00' 17'',17,17,+ 00' 22'',16,22,+ 00' 22'',15,22,+ 02' 48'',13,168,+ 02' 28'',8,148,+ 02' 28'',8,148,+ 05' 52'',13,352, + 05' 52'',13,352, + 05' 52'',11,352, + 05' 52'',11,352, + 08' 28'',11,508, + 09' 28'',10,568, + 12' 50'',10,770, + 34' 22'',19,2062, + 55' 23'',32,3323, + 01h 13' 20'',33,4400, + 01h 13' 08'',33,4388
GAUTIER Cyril,54,TEAM EUROPCAR,France,20,+ 00' 00'',80,0,+ 00' 01'',30,1,+ 05' 03'',85,303,+ 07' 47'',91,467,+ 07' 47'',85,467,+ 07' 52'',78,472,+ 07' 52'',68,472,+ 28' 07'',63,1687,+ 31' 41'',49,1901,+ 31' 41'',46,1901,+ 35' 02'',45,2102, + 35' 02'',44,2102, + 43' 47'',48,2627, + 36' 30'',41,2190, + 54' 20'',41,3260, + 44' 16'',37,2656, + 50' 25'',37,3025, + 59' 55'',36,3595, + 01h 04' 31'',34,3871, + 01h 13' 01'',32,4381, + 01h 12' 42'',32,4362
CHAVANEL Sylvain,152,OMEGA PHARMA-QUICK STEP,France,14,+ 00' 00'',34,0,+ 00' 01'',16,1,+ 00' 01'',13,1,+ 00' 01'',5,1,+ 00' 01'',5,1,+ 00' 06'',6,6,+ 00' 06'',6,6,+ 07' 48'',32,468,+ 14' 35'',28,875,+ 14' 35'',28,875,+ 16' 00'',26,960, + 16' 00'',26,960, + 14' 57'',20,897, + 14' 57'',20,897, + 30' 26'',25,1826, + 32' 05'',25,1925, + 35' 17'',23,2117, + 41' 13'',23,2473, + 53' 11'',31,3191, + 01h 03' 38'',31,3818, + 01h 03' 41'',31,3821
KLÖDEN Andreas,46,RADIOSHACK LEOPARD,Germany,16,+ 00' 00'',174,0,+ 00' 01'',92,1,+ 00' 01'',71,1,+ 00' 29'',39,29,+ 00' 29'',37,29,+ 00' 34'',36,34,+ 00' 34'',35,34,+ 05' 26'',27,326,+ 30' 18'',45,1818,+ 30' 43'',43,1843,+ 34' 13'',43,2053, + 34' 13'',42,2053, + 34' 13'',38,2053, + 34' 13'',39,2053, + 44' 55'',36,2695, + 34' 29'',29,2069, + 37' 15'',26,2235, + 58' 47'',34,3527, + 50' 55'',28,3055, + 01h 03' 26'',30,3806, + 01h 02' 43'',30,3763
JEANNESSON Arnold,77,FDJ.FR,France,8,+ 00' 00'',69,0,+ 00' 01'',42,1,+ 00' 01'',41,1,+ 00' 42'',48,42,+ 00' 42'',46,42,+ 00' 47'',43,47,+ 00' 47'',42,47,+ 09' 11'',38,551,+ 31' 34'',48,1894,+ 31' 34'',44,1894,+ 36' 05'',47,2165, + 36' 05'',46,2165, + 36' 05'',39,2165, + 36' 05'',40,2165, + 56' 11'',45,3371, + 45' 45'',39,2745, + 48' 38'',35,2918, + 51' 59'',33,3119, + 52' 07'',30,3127, + 57' 49'',29,3469, + 57' 06'',29,3426
POELS Wouter,201,VACANSOLEIL-DCM,Netherlands,22,+ 00' 00'',85,0,+ 00' 01'',32,1,+ 00' 01'',27,1,+ 00' 33'',41,33,+ 00' 33'',38,33,+ 00' 38'',37,38,+ 00' 38'',36,38,+ 09' 45'',41,585,+ 09' 45'',23,585,+ 09' 45'',22,585,+ 13' 09'',23,789, + 13' 09'',23,789, + 21' 54'',27,1314, + 21' 54'',27,1314, + 40' 19'',32,2419, + 42' 12'',35,2532, + 47' 24'',33,2844, + 49' 56'',31,2996, + 51' 26'',29,3086, + 56' 30'',28,3390, + 56' 33'',28,3393
COSTA Rui Alberto,124,MOVISTAR TEAM,Portugal,13,+ 00' 00'',131,0,+ 00' 01'',66,1,+ 00' 01'',54,1,+ 00' 20'',24,20,+ 00' 20'',20,20,+ 00' 25'',19,25,+ 00' 25'',18,25,+ 02' 45'',11,165,+ 02' 45'',10,165,+ 02' 45'',10,165,+ 05' 37'',9,337, + 05' 37'',9,337, + 14' 22'',18,862, + 14' 22'',18,862, + 33' 42'',29,2022, + 22' 34'',20,1354, + 29' 24'',21,1764, + 50' 56'',32,3056, + 42' 16'',24,2536, + 55' 17'',27,3317, + 54' 34'',27,3274
GESINK Robert,162,BELKIN PRO CYCLING,Netherlands,3,+ 00' 00'',101,0,+ 00' 01'',76,1,+ 08' 27'',96,507,+ 09' 03'',95,543,+ 09' 03'',89,543,+ 09' 08'',82,548,+ 09' 08'',72,548,+ 16' 50'',49,1010,+ 16' 55'',32,1015,+ 18' 35'',32,1115,+ 21' 32'',32,1292, + 21' 32'',32,1292, + 30' 17'',31,1817, + 30' 17'',32,1817, + 33' 28'',28,2008, + 35' 07'',31,2107, + 41' 13'',30,2473, + 43' 48'',25,2628, + 37' 11'',19,2231, + 55' 08'',26,3308, + 54' 25'',26,3265
VELITS Peter,159,OMEGA PHARMA-QUICK STEP,Slovakia,14,+ 00' 00'',37,0,+ 17' 35'',152,1055,+ 17' 35'',123,1055,+ 17' 35'',120,1055,+ 17' 35'',118,1055,+ 17' 40'',110,1060,+ 17' 40'',92,1060,+ 24' 02'',57,1442,+ 35' 20'',53,2120,+ 35' 20'',51,2120,+ 37' 40'',50,2260, + 37' 40'',50,2260, + 37' 40'',41,2260, + 37' 40'',44,2260, + 44' 24'',35,2664, + 34' 20'',27,2060, + 37' 09'',25,2229, + 46' 39'',30,2799, + 48' 30'',27,2910, + 54' 43'',25,3283, + 54' 00'',25,3240
ROLLAND Pierre,51,TEAM EUROPCAR,France,20,+ 00' 00'',82,0,+ 00' 01'',59,1,+ 00' 01'',55,1,+ 01' 13'',63,73,+ 01' 13'',58,73,+ 01' 18'',52,78,+ 01' 18'',49,78,+ 04' 57'',25,297,+ 12' 34'',26,754,+ 12' 34'',26,754,+ 16' 38'',27,998, + 16' 38'',27,998, + 25' 33'',28,1533, + 25' 33'',29,1533, + 34' 12'',30,2052, + 36' 05'',32,2165, + 43' 00'',32,2580, + 45' 41'',28,2741, + 43' 42'',25,2622, + 52' 12'',24,3132, + 52' 15'',24,3135
ANTON Igor,111,EUSKALTEL - EUSKADI,Spain,7,+ 00' 00'',73,0,+ 00' 01'',38,1,+ 00' 01'',32,1,+ 01' 24'',70,84,+ 01' 24'',65,84,+ 01' 29'',61,89,+ 01' 29'',53,89,+ 03' 06'',15,186,+ 06' 40'',19,400,+ 06' 40'',19,400,+ 10' 48'',20,648, + 10' 48'',20,648, + 19' 43'',23,1183, + 19' 43'',23,1183, + 23' 50'',21,1430, + 34' 28'',28,2068, + 40' 07'',29,2407, + 42' 09'',24,2529, + 42' 13'',23,2533, + 48' 26'',23,2906, + 48' 07'',23,2887
GADRET John,86,AG2R LA MONDIALE,France,1,+ 00' 00'',107,0,+ 00' 01'',78,1,+ 00' 01'',62,1,+ 01' 04'',58,64,+ 01' 04'',53,64,+ 01' 09'',48,69,+ 01' 09'',46,69,+ 05' 09'',26,309,+ 16' 27'',30,987,+ 18' 07'',31,1087,+ 23' 12'',33,1392, + 23' 12'',33,1392, + 32' 14'',33,1934, + 32' 14'',33,1934, + 37' 10'',31,2230, + 38' 49'',33,2329, + 42' 20'',31,2540, + 44' 24'',26,2664, + 44' 24'',26,2664, + 46' 43'',22,2803, + 46' 00'',22,2760
SERPA José,149,LAMPRE - MERIDA,Colombia,11,+ 00' 00'',87,0,+ 00' 01'',65,1,+ 00' 01'',52,1,+ 00' 25'',27,25,+ 00' 25'',25,25,+ 01' 24'',57,84,+ 01' 34'',56,94,+ 06' 20'',28,380,+ 09' 54'',24,594,+ 09' 54'',23,594,+ 12' 16'',22,736, + 12' 16'',22,736, + 21' 01'',26,1261, + 21' 01'',26,1261, + 33' 02'',27,1982, + 34' 41'',30,2081, + 39' 25'',28,2365, + 41' 05'',22,2465, + 40' 40'',22,2440, + 45' 51'',21,2751, + 45' 08'',21,2708
SCHLECK Andy,41,RADIOSHACK LEOPARD,Luxembourg,16,+ 00' 00'',79,0,+ 00' 01'',55,1,+ 00' 01'',45,1,+ 00' 29'',38,29,+ 00' 29'',35,29,+ 00' 34'',34,34,+ 00' 34'',33,34,+ 04' 00'',21,240,+ 04' 00'',15,240,+ 04' 00'',15,240,+ 08' 32'',17,512, + 08' 32'',17,512, + 08' 32'',14,512, + 08' 32'',15,512, + 19' 14'',18,1154, + 21' 07'',19,1267, + 23' 34'',16,1414, + 31' 19'',18,1879, + 38' 08'',21,2288, + 42' 29'',20,2549, + 41' 46'',20,2506
PORTE Richie,6,SKY PROCYCLING,Australia,17,+ 00' 00'',39,0,+ 00' 01'',24,1,+ 00' 01'',24,1,+ 00' 03'',8,3,+ 00' 03'',8,3,+ 00' 08'',8,8,+ 00' 08'',8,8,+ 00' 51'',2,51,+ 18' 30'',33,1110,+ 20' 10'',34,1210,+ 21' 19'',31,1279, + 21' 19'',31,1279, + 30' 04'',30,1804, + 30' 04'',31,1804, + 32' 53'',26,1973, + 32' 53'',26,1973, + 37' 42'',27,2262, + 37' 42'',20,2262, + 37' 53'',20,2273, + 39' 41'',19,2381, + 39' 41'',19,2381
BAKELANTS Jan,42,RADIOSHACK LEOPARD,Belgium,16,+ 00' 00'',48,0,0,1,0,0,1,,+ 00' 28'',32,28,+ 00' 28'',30,28,+ 00' 33'',28,33,+ 00' 33'',27,33,+ 08' 15'',34,495,+ 15' 52'',29,952,+ 15' 52'',29,952,+ 19' 02'',29,1142, + 19' 02'',29,1142, + 31' 29'',32,1889, + 24' 12'',28,1452, + 29' 16'',24,1756, + 31' 09'',24,1869, + 37' 01'',24,2221, + 40' 08'',21,2408, + 33' 12'',18,1992, + 36' 34'',18,2194, + 35' 51'',18,2151
MORENO FERNANDEZ Daniel,106,KATUSHA TEAM,Spain,10,+ 00' 00'',133,0,+ 00' 01'',64,1,+ 00' 01'',58,1,+ 00' 28'',35,28,+ 00' 28'',33,28,+ 00' 33'',31,33,+ 00' 33'',30,33,+ 04' 36'',24,276,+ 04' 36'',17,276,+ 06' 16'',18,376,+ 09' 34'',18,574, + 09' 34'',18,574, + 18' 36'',22,1116, + 18' 36'',22,1116, + 21' 42'',19,1302, + 23' 35'',21,1415, + 27' 35'',19,1655, + 30' 05'',16,1805, + 30' 22'',17,1822, + 33' 17'',17,1997, + 32' 34'',17,1954
ROGERS Michael,98,TEAM SAXO-TINKOFF,Australia,21,+ 00' 00'',114,0,+ 00' 01'',69,1,+ 00' 01'',48,1,+ 00' 09'',11,9,+ 00' 09'',12,9,+ 00' 14'',12,14,+ 00' 14'',12,14,+ 02' 40'',10,160,+ 06' 14'',18,374,+ 06' 14'',17,374,+ 08' 28'',16,508, + 08' 28'',16,508, + 07' 28'',13,448, + 07' 28'',14,448, + 09' 54'',12,594, + 10' 54'',12,654, + 13' 19'',11,799, + 14' 26'',8,866, + 19' 04'',14,1144, + 27' 34'',16,1654, + 26' 51'',16,1611
BARDET Romain,82,AG2R LA MONDIALE,France,1,+ 00' 00'',30,0,+ 00' 01'',12,1,+ 00' 01'',10,1,+ 01' 04'',55,64,+ 01' 04'',51,64,+ 01' 09'',47,69,+ 01' 09'',45,69,+ 03' 35'',20,215,+ 07' 09'',20,429,+ 07' 09'',20,429,+ 11' 37'',21,697, + 11' 37'',21,697, + 20' 35'',25,1235, + 20' 35'',25,1235, + 23' 50'',22,1430, + 24' 50'',22,1490, + 28' 43'',20,1723, + 30' 45'',17,1845, + 24' 53'',16,1493, + 27' 25'',15,1645, + 26' 42'',15,1602
MONFORT Maxime,47,RADIOSHACK LEOPARD,Belgium,16,+ 00' 00'',76,0,+ 00' 01'',45,1,+ 00' 01'',37,1,+ 00' 29'',36,29,+ 00' 29'',34,29,+ 00' 34'',33,34,+ 00' 34'',32,34,+ 07' 55'',33,475,+ 07' 55'',21,475,+ 07' 55'',21,475,+ 10' 16'',19,616, + 10' 16'',19,616, + 10' 16'',15,616, + 10' 16'',16,616, + 13' 47'',14,827, + 14' 47'',16,887, + 17' 04'',15,1024, + 19' 56'',14,1196, + 20' 00'',15,1200, + 24' 21'',14,1461, + 23' 38'',14,1418
TEN DAM Laurens,167,BELKIN PRO CYCLING,Netherlands,3,+ 00' 00'',96,0,+ 00' 01'',73,1,+ 00' 01'',57,1,+ 00' 37'',47,37,+ 00' 37'',42,37,+ 00' 42'',39,42,+ 00' 42'',39,42,+ 01' 50'',5,110,+ 01' 50'',4,110,+ 01' 50'',4,110,+ 04' 10'',6,250, + 04' 10'',6,250, + 03' 01'',5,181, + 03' 01'',5,181, + 04' 54'',5,294, + 05' 54'',6,354, + 08' 23'',7,503, + 14' 39'',10,879, + 16' 09'',11,969, + 22' 22'',13,1342, + 21' 39'',13,1299
NIEVE ITURRALDE Mikel,116,EUSKALTEL - EUSKADI,Spain,7,+ 00' 00'',89,0,+ 00' 01'',52,1,+ 00' 01'',47,1,+ 01' 24'',71,84,+ 01' 24'',67,84,+ 01' 29'',62,89,+ 01' 29'',54,89,+ 02' 55'',14,175,+ 02' 55'',11,175,+ 02' 55'',11,175,+ 08' 04'',15,484, + 08' 04'',15,484, + 16' 49'',21,1009, + 16' 49'',21,1009, + 18' 12'',17,1092, + 19' 51'',18,1191, + 23' 36'',17,1416, + 24' 13'',15,1453, + 17' 49'',13,1069, + 20' 44'',12,1244, + 20' 01'',12,1201
KWIATKOWSKI Michal,153,OMEGA PHARMA-QUICK STEP,Poland,14,+ 00' 00'',29,0,+ 00' 01'',7,1,+ 00' 01'',4,1,+ 00' 01'',4,1,+ 00' 01'',4,1,+ 00' 06'',5,6,+ 00' 06'',5,6,+ 03' 25'',16,205,+ 03' 25'',13,205,+ 03' 25'',13,205,+ 04' 44'',7,284, + 04' 44'',7,284, + 04' 44'',7,284, + 04' 44'',7,284, + 07' 58'',10,478, + 09' 37'',11,577, + 11' 10'',9,670, + 14' 38'',9,878, + 16' 08'',10,968, + 19' 42'',11,1182, + 18' 59'',11,1139
TALANSKY Andrew,178,GARMIN - SHARP,USA,9,+ 00' 00'',110,0,+ 00' 01'',67,1,+ 00' 01'',53,1,+ 00' 17'',18,17,+ 00' 17'',16,17,+ 00' 22'',13,22,+ 00' 22'',13,22,+ 02' 48'',12,168,+ 09' 35'',22,575,+ 11' 15'',25,675,+ 13' 11'',24,791, + 13' 11'',24,791, + 13' 11'',17,791, + 05' 54'',12,354, + 12' 32'',13,752, + 13' 32'',13,812, + 15' 13'',13,913, + 16' 24'',12,984, + 16' 24'',12,984, + 18' 22'',10,1102, + 17' 39'',10,1059
NAVARRO Daniel,139,COFIDIS,Spain,6,+ 00' 00'',179,0,+ 00' 01'',93,1,+ 00' 01'',72,1,+ 01' 20'',67,80,+ 01' 20'',63,80,+ 01' 25'',59,85,+ 01' 25'',52,85,+ 10' 30'',43,630,+ 10' 30'',25,630,+ 10' 30'',24,630,+ 14' 50'',25,890, + 14' 50'',25,890, + 14' 50'',19,890, + 14' 50'',19,890, + 23' 36'',20,1416, + 13' 54'',14,834, + 16' 43'',14,1003, + 19' 18'',13,1158, + 12' 33'',8,753, + 16' 35'',9,995, + 15' 52'',9,952
VALVERDE Alejandro,121,MOVISTAR TEAM,Spain,13,+ 00' 00'',35,0,+ 00' 01'',14,1,+ 00' 01'',19,1,+ 00' 20'',21,20,+ 00' 20'',19,20,+ 00' 25'',18,25,+ 00' 25'',17,25,+ 01' 25'',3,85,+ 01' 25'',2,85,+ 01' 25'',2,85,+ 03' 25'',2,205, + 03' 25'',2,205, + 12' 10'',16,730, + 12' 10'',17,730, + 14' 42'',15,882, + 14' 42'',15,882, + 15' 12'',12,912, + 14' 56'',11,896, + 14' 56'',9,896, + 16' 09'',8,969, + 15' 26'',8,926
FUGLSANG Jakob,63,ASTANA PRO TEAM,Denmark,2,+ 00' 00'',42,0,+ 00' 01'',20,1,+ 00' 01'',20,1,+ 00' 56'',52,56,+ 00' 56'',48,56,+ 01' 01'',45,61,+ 01' 01'',43,61,+ 03' 27'',17,207,+ 03' 07'',12,187,+ 03' 07'',12,187,+ 05' 48'',12,348, + 05' 48'',12,348, + 04' 39'',6,279, + 04' 39'',6,279, + 06' 22'',7,382, + 07' 22'',8,442, + 08' 56'',8,536, + 09' 33'',7,573, + 09' 33'',7,573, + 13' 00'',7,780, + 12' 17'',7,737
MOLLEMA Bauke,164,BELKIN PRO CYCLING,Netherlands,3,+ 00' 00'',195,0,+ 00' 01'',50,1,+ 00' 01'',36,1,+ 00' 37'',44,37,+ 00' 37'',41,37,+ 00' 42'',38,42,+ 00' 42'',37,42,+ 01' 44'',4,104,+ 01' 44'',3,104,+ 01' 44'',3,104,+ 03' 37'',3,217, + 03' 37'',3,217, + 02' 28'',2,148, + 02' 28'',2,148, + 04' 14'',2,254, + 04' 14'',2,254, + 06' 23'',4,383, + 08' 58'',6,538, + 08' 58'',6,538, + 12' 25'',6,745, + 11' 42'',6,702
KREUZIGER Roman,94,TEAM SAXO-TINKOFF,Czech Republic,21,+ 00' 00'',26,0,+ 00' 01'',19,1,+ 00' 01'',18,1,+ 00' 09'',10,9,+ 00' 09'',10,9,+ 00' 14'',10,14,+ 00' 14'',10,14,+ 01' 51'',6,111,+ 01' 51'',5,111,+ 01' 51'',5,111,+ 03' 57'',5,237, + 03' 57'',5,237, + 02' 48'',4,168, + 02' 48'',4,168, + 04' 28'',4,268, + 04' 28'',4,268, + 04' 51'',3,291, + 05' 44'',4,344, + 05' 44'',4,344, + 08' 10'',5,490, + 07' 27'',5,447
CONTADOR Alberto,91,TEAM SAXO-TINKOFF,Spain,21,+ 00' 00'',162,0,+ 00' 01'',81,1,+ 00' 01'',60,1,+ 00' 09'',12,9,+ 00' 09'',11,9,+ 00' 14'',11,14,+ 00' 14'',11,14,+ 01' 51'',7,111,+ 01' 51'',6,111,+ 01' 51'',6,111,+ 03' 54'',4,234, + 03' 54'',4,234, + 02' 45'',3,165, + 02' 45'',3,165, + 04' 25'',3,265, + 04' 25'',3,265, + 04' 34'',2,274, + 05' 11'',2,311, + 05' 11'',2,311, + 07' 10'',4,430, + 06' 27'',4,387
RODRIGUEZ OLIVER Joaquin,101,KATUSHA TEAM,Spain,10,+ 00' 00'',44,0,+ 00' 01'',29,1,+ 00' 01'',28,1,+ 00' 28'',34,28,+ 00' 28'',32,28,+ 00' 33'',29,33,+ 00' 33'',29,33,+ 02' 31'',9,151,+ 02' 31'',9,151,+ 02' 31'',9,151,+ 05' 48'',11,348, + 05' 48'',11,348, + 05' 48'',10,348, + 05' 48'',10,348, + 07' 11'',8,431, + 07' 11'',7,431, + 07' 21'',6,441, + 05' 58'',5,358, + 05' 58'',5,358, + 05' 47'',3,347, + 05' 04'',3,304
QUINTANA ROJAS Nairo Alexander,128,MOVISTAR TEAM,Colombia,13,+ 00' 00'',47,0,+ 00' 01'',25,1,+ 00' 01'',33,1,+ 00' 20'',22,20,+ 00' 20'',21,20,+ 00' 25'',20,25,+ 00' 25'',19,25,+ 02' 02'',8,122,+ 02' 02'',7,122,+ 02' 02'',7,122,+ 05' 18'',8,318, + 05' 18'',8,318, + 05' 18'',8,318, + 05' 18'',8,318, + 05' 47'',6,347, + 05' 47'',5,347, + 06' 58'',5,418, + 05' 32'',3,332, + 05' 32'',3,332, + 05' 03'',2,303, + 04' 20'',2,260
FROOME Christopher,1,SKY PROCYCLING,Great Britain,17,+ 00' 00'',41,0,+ 00' 01'',18,1,+ 00' 01'',15,1,+ 00' 03'',7,3,+ 00' 03'',7,3,+ 00' 08'',7,8,+ 00' 08'',7,8,0,1,0,0,1,0,0,1,0,0,1,0,0,1,0,0,1,0,0,1,0,0,1,0,0,1,0,0,1,0,0,1,0,0,1,0,0,1,0,0,1,0
